Number One with a Bullet,Jack Smight,,002,4.9,R,103,27 Feb 1987,Action, Crime, Thriller,,,,Robert Carradine, Billy Dee Williams, Valerie Bertinelli, Peter Graves,Gail Morgan Hickman (story), Gail Morgan Hickman (screenplay), Andrew Kurtzman (screenplay), Rob Riley (screenplay), Jim Belushi (screenplay)
The Pack,Nick Robertson,,003,5.0,NOT RATED,90 ,05 Feb 2016,Horror, Thriller,,,,,Jack Campbell, Anna Lise Phillips, Katie Moore, Hamish Phillips,Evan Randall Green
Congo,Frank Marshall,,004,5.1,PG-13,109,09 Jun 1995,Action, Adventure, Mystery, Sci-Fi,,,Laura Linney, Dylan Walsh, Ernie Hudson, Tim Curry,Michael Crichton (novel), John Patrick Shanley (screenplay)
Psychomania: The Best of Psychedelic Rock,N/A,,005,N/A,N/A,N/A,26 Sep 1993,Music,,,,,,N/A,N/A
The Hand That Rocks the Cradle,Curtis Hanson,,006,6.6,R,110,10 Jan 1992,Drama, Thriller,,,,,Annabella Sciorra, Rebecca De Mornay, Matt McCoy, Ernie Hudson,Amanda Silver
K-9,Rod Daniel,,007,6.0,PG-13,101,28 Apr 1989,Action, Comedy, Crime,,,,Jim Belushi, Mel Harris, Kevin Tighe, Ed O'Neill,Steven Siegel, Scott Myers
The Wrong Guys,Danny Bilson,,008,5.0,PG,86 ,13 May 1988,Comedy,,,,,,Louie Anderson, Richard Lewis, Richard Belzer, Franklyn Ajaye,Paul De Meo, Danny Bilson
Dead Heat,Mark Goldblatt,,009,6.0,R,86 ,06 May 1988,Action, Comedy, Horror, Sci-Fi, Thriller,,Treat Williams, Joe Piscopo, Lindsay Frost, Darren McGavin,Terry Black
Evilspeak,Eric Weston,,010,5.7,R,97 ,26 Feb 1982,Drama, Horror,,,,,Clint Howard, R.G. Armstrong, Joe Cortese, Claude Earl Jones,Joseph Garofalo (screenplay), Eric Weston (screenplay), Joseph Garofalo (story)
Gone Fishin',Christopher Cain,,011,4.7,PG,94 ,30 May 1997,Comedy, Crime,,,,,Joe Pesci, Danny Glover, Rosanna Arquette, Lynn Whitfield,Jill Mazursky, J.J. Abrams
The Net,Irwin Winkler,,012,5.9,PG-13,114,28 Jul 1995,Action, Crime, Drama, Mystery, Thriller,,Sandra Bullock, Jeremy Northam, Dennis Miller, Diane Baker,John Brancato, Michael Ferris
Superman III,Richard Lester,,013,4.9,PG,125,17 Jun 1983,Action, Comedy, Sci-Fi,,,,Christopher Reeve, Richard Pryor, Jackie Cooper, Marc McClure,Jerry Siegel (character created by: Superman), Joe Shuster (character created by: Superman), David Newman (screenplay by), Leslie Newman (screenplay by)
Superman III,Richard Lester,,014,4.9,PG,125,17 Jun 1983,Action, Comedy, Sci-Fi,,,,Christopher Reeve, Richard Pryor, Jackie Cooper, Marc McClure,Jerry Siegel (character created by: Superman), Joe Shuster (character created by: Superman), David Newman (screenplay by), Leslie Newman (screenplay by)
Boys and Girls,Robert Iscove,,015,5.4,PG-13,94 ,16 Jun 2000,Comedy, Drama, Romance,,,,Brendon Ryan Barrett, Gay Thomas Wilson, Raquel Beaudene, Claire Forlani,Andrew Lowery, Andrew Miller
Fuzz,Richard A. Colla,,016,5.5,PG,92 ,03 Nov 1972,Action, Comedy, Crime,,,,Burt Reynolds, Jack Weston, Tom Skerritt, Raquel Welch,Evan Hunter (novel), Evan Hunter (screenplay)
Deep Impact,Mimi Leder,,017,6.2,PG-13,120,08 May 1998,Action, Drama, Romance, Sci-Fi, Thriller,,Robert Duvall, Téa Leoni, Elijah Wood, Vanessa Redgrave,Bruce Joel Rubin, Michael Tolkin
Captain America,Albert Pyun,,018,3.3,PG-13,97 ,14 Dec 1990,Action, Adventure, Sci-Fi,,,,Matt Salinger, Ronny Cox, Ned Beatty, Darren McGavin,Joe Simon (characters), Jack Kirby (characters), Stephen Tolkin (story), Lawrence J. Block (story), Stephen Tolkin (screenplay)
Deadlock,Roland Klick,,020,6.8,N/A,85 ,24 Jul 1972,Thriller, Western,,,,,Mario Adorf, Anthony Dawson, Marquard Bohm, Mascha Rabben,Roland Klick
The Principal,Christopher Cain,,021,6.3,R,109,18 Sep 1987,Action, Crime, Drama, Thriller,,,Jim Belushi, Louis Gossett Jr., Rae Dawn Chong, Michael Wright,Frank Deese
18 Again!,Paul Flaherty,,022,5.7,PG,93 ,08 Apr 1988,Comedy, Fantasy, Romance,,,,George Burns, Charlie Schlatter, Tony Roberts, Anita Morris,Josh Goldstein, Jonathan Prince
A Shock to the System,Jan Egleson,,023,6.8,R,88 ,23 Mar 1990,Comedy, Crime, Thriller,,,,Michael Caine, Elizabeth McGovern, Peter Riegert, Swoosie Kurtz,Simon Brett (novel), Andrew Klavan (screenplay)
The Ewok Adventure,John Korty,,024,5.5,N/A,96 ,25 Nov 1984,Adventure, Family, Fantasy, Sci-Fi,,,Eric Walker, Warwick Davis, Fionnula Flanagan, Guy Boyd,George Lucas (story), Bob Carrau (teleplay)
Maz Jobrani: I Come in Peace,Maz Jobrani,,025,7.4,TV-14,72 ,26 Jan 2013,Documentary, Comedy,,,,,Maz Jobrani,Maz Jobrani
Visiting Hours,Jean-Claude Lord,,026,5.6,R,103,28 May 1982,Horror, Thriller,,,,,Michael Ironside, Lee Grant, Linda Purl, William Shatner,Brian Taggert (screenplay)
Wolf,Mike Nichols,,027,6.2,R,125,17 Jun 1994,Drama, Horror, Romance, Thriller,,,Jack Nicholson, Michelle Pfeiffer, James Spader, Kate Nelligan,Jim Harrison, Wesley Strick
976-EVIL,Robert Englund,,028,5.1,R,92 ,24 Mar 1989,Comedy, Horror,,,,,Stephen Geoffreys, Patrick O'Bryan, Sandy Dennis, Jim Metzler,Brian Helgeland, Rhet Topham
The Haunting of Hill House,N/A,,029,8.9,N/A,50 ,12 Oct 2018,Drama, Horror, Mystery, Thriller,,,Michiel Huisman, Carla Gugino, Henry Thomas, Elizabeth Reaser,Mike Flanagan
Babycakes,Paul Schneider,,030,6.8,M,100,14 Feb 1989,Comedy, Drama, Romance,,,,Ricki Lake, Craig Sheffer, Nada Despotovich, Paul Benedict,Percy Adlon (screenplay &quot;Zuckerbaby&quot;), Joyce Eliason (teleplay)
Judge Dredd,Danny Cannon,,031,5.5,R,96 ,30 Jun 1995,Action, Crime, Sci-Fi, Thriller,,,Sylvester Stallone, Armand Assante, Rob Schneider, Jürgen Prochnow,John Wagner (characters), Carlos Ezquerra (characters), Michael De Luca (story), William Wisher (story), William Wisher (screenplay), Steven E. de Souza (screenplay)
No Retreat  No Surrender,Corey Yuen,,032,5.7,PG,85 ,02 May 1986,Action, Comedy, Crime, Drama,,,Kurt McKinney, Jean-Claude Van Damme, J.W. Fails, Kathie Sileno,See-Yuen Ng (original story), Corey Yuen (original story), Keith W. Strandberg (screenplay)
Ewoks: The Battle for Endor,Jim Wheat, Ken Wheat,033,5.5,N/A,94 ,24 Nov 1985,Adventure, Family, Fantasy, Sci-Fi,,,Wilford Brimley, Warwick Davis, Aubree Miller, Siân Phillips,Ken Wheat (screenplay), Jim Wheat (screenplay), George Lucas (story)
Poison Ivy,Katt Shea,,034,5.4,R,90 ,08 May 1992,Drama, Thriller,,,,,Sara Gilbert, Drew Barrymore, Tom Skerritt, Cheryl Ladd,Melissa Goddard (story), Andy Ruben (screenplay), Katt Shea (screenplay)
Pelle the Conqueror,Bille August,,036,7.9,PG-13,157,21 Dec 1988,Drama,,,,,,Pelle Hvenegaard, Max von Sydow, Erik Paaske, Björn Granath,Martin Andersen Nexř (novel), Bille August (screenplay), Per Olov Enquist, Bjarne Reuter
Jack Frost,Troy Miller,,037,5.3,PG,101,11 Dec 1998,Comedy, Drama, Family, Fantasy,,,Michael Keaton, Kelly Preston, Joseph Cross, Mark Addy,Mark Steven Johnson (story), Mark Steven Johnson (screenplay), Steve Bloom (screenplay), Jonathan Roberts (screenplay), Jeff Cesario (screenplay)
Money Train,Joseph Ruben,,038,5.6,R,110,22 Nov 1995,Action, Comedy, Crime, Drama, Thriller,,Wesley Snipes, Woody Harrelson, Jennifer Lopez, Robert Blake,Doug Richardson (story), Doug Richardson (screenplay), David Loughery (screenplay)
The Adventures of Ford Fairlane,Renny Harlin,,039,6.3,R,104,11 Jul 1990,Action, Adventure, Comedy, Crime, Music, Mystery,Andrew Dice Clay, Wayne Newton, Priscilla Presley, Morris Day,Daniel Waters (screenplay), James Cappe (screenplay), David Arnott (screenplay), James Cappe (story), David Arnott (story), Rex Weiner (characters)
Hider in the House,Matthew Patrick,,040,5.9,R,104,29 Aug 1991,Thriller,,,,,,Gary Busey, Mimi Rogers, Michael McKean, Kurt Christopher Kinder,Lem Dobbs
Halloween III: Season of the Witch,Tommy Lee Wallace,,041,4.8,R,98 ,22 Oct 1982,Horror, Mystery, Sci-Fi,,,,Tom Atkins, Stacey Nelkin, Dan O'Herlihy, Michael Currie,Tommy Lee Wallace
Zandalee,Sam Pillsbury,,042,4.4,R,100,09 May 1991,Drama, Romance, Thriller,,,,Nicolas Cage, Judge Reinhold, Erika Anderson, Joe Pantoliano,Mari Kornhauser
Vampire in Brooklyn,Wes Craven,,043,4.5,R,100,27 Oct 1995,Comedy, Fantasy, Horror, Romance,,,Eddie Murphy, Angela Bassett, Allen Payne, Kadeem Hardison,Eddie Murphy (story), Vernon Lynch (story), Charlie Murphy (story), Charlie Murphy (screenplay), Michael Lucker (screenplay), Chris Parker (screenplay)
Deadly Friend,Wes Craven,,045,5.5,R,91 ,10 Oct 1986,Drama, Horror, Sci-Fi, Thriller,,,Matthew Labyorteaux, Kristy Swanson, Michael Sharrett, Anne Twomey,Diana Henstell (novel), Bruce Joel Rubin (screenplay)
Nukie,Sias Odendaal, Michael Pakleppa,046,1.5,PG,95 ,01 Jul 1987,Family, Sci-Fi,,,,,Glynis Johns, Steve Railsback, Ronald France, Siphiwe Mlangeni,Ben Taylor (screenplay), Sias Odendaal (original story)
Cop and a Half: New Recruit,Jonathan A. Rosenbaum,,047,5.6,PG,97 ,10 Aug 2017,Action, Adventure, Comedy, Crime, Family, Mystery,Lou Diamond Phillips, Lulu Wilson, Janet Kidder, Michael Coleman,Scott Bindley, Arne Olsen (based on stories and characters by), Arne Olsen (story by), Adrian Vina
Off Beat,Hendrik Hölzemann,,048,7.2,N/A,100,03 Feb 2005,Drama, Romance,,,,,Matthias Schweighöfer, Jessica Schwarz, Jan-Gregor Kremp, Florian Lukas,Hendrik Hölzemann
Hackers,Iain Softley,,049,6.2,PG-13,107,15 Sep 1995,Comedy, Crime, Drama, Thriller,,,Jonny Lee Miller, Angelina Jolie, Jesse Bradford, Matthew Lillard,Rafael Moreu
No Holds Barred,Thomas J. Wright,,050,4.3,PG-13,93 ,02 Jun 1989,Action, Sport,,,,,Hulk Hogan, Joan Severance, Kurt Fuller, Tommy 'Tiny' Lister,Dennis Hackin
Senseless,Penelope Spheeris,,051,6.0,R,93 ,20 Feb 1998,Comedy, Romance,,,,,Marlon Wayans, Brad Dourif, Esther Scott, Debra Jo Rupp,Greg Erb, Craig Mazin
Mr. Destiny,James Orr,,052,6.4,PG-13,110,12 Oct 1990,Comedy, Fantasy, Romance,,,,Jim Belushi, Linda Hamilton, Michael Caine, Jon Lovitz,James Orr, Jim Cruickshank
Free Enterprise,Robert Meyer Burnett,,053,7.0,R,113,04 Jun 1999,Comedy, Romance,,,,,Eric McCormack, Carl Bressler, Ethan Glazer, Phyllis Franklin,Mark A. Altman, Robert Meyer Burnett
Gymkata,Robert Clouse,,054,4.3,R,90 ,03 May 1985,Action, Drama,,,,,Kurt Thomas, Tetchie Agbayani, Richard Norton, Edward Bell,Charles Robert Carner (screenplay by), Dan Tyler Moore (based on the novel &quot;The Terrible Game&quot; by)
Rocky IV,Sylvester Stallone,,055,6.8,PG,91 ,27 Nov 1985,Drama, Sport,,,,,Sylvester Stallone, Talia Shire, Burt Young, Carl Weathers,Sylvester Stallone
The Glass House,Daniel Sackheim,,057,5.8,PG-13,106,14 Sep 2001,Crime, Drama, Mystery,,,,Leelee Sobieski, Diane Lane, Stellan Skarsgĺrd, Bruce Dern,Wesley Strick
Undercover Blues,Herbert Ross,,058,6.0,PG-13,90 ,10 Sep 1993,Comedy, Crime,,,,,Kathleen Turner, Dennis Quaid, Fiona Shaw, Stanley Tucci,Ian Abrams
The New Adventures of Pippi Longstocking,Ken Annakin,,059,5.9,G,100,29 Jul 1988,Adventure, Family, Fantasy, Musical,,,Tami Erin, David Seaman, Cory Crow, Eileen Brennan,Astrid Lindgren (books), Ken Annakin
The Skulls,Rob Cohen,,060,5.6,PG-13,106,31 Mar 2000,Action, Crime, Drama, Thriller,,,Joshua Jackson, Paul Walker, Hill Harper, Leslie Bibb,John Pogue
Men in Black II,Barry Sonnenfeld,,061,6.1,PG-13,88 ,03 Jul 2002,Action, Adventure, Comedy, Mystery, Sci-Fi,,Tommy Lee Jones, Will Smith, Rip Torn, Lara Flynn Boyle,Lowell Cunningham (comic book &quot;Malibu Comics&quot;), Robert Gordon (story), Robert Gordon (screenplay), Barry Fanaro (screenplay)
Cocoon,Ron Howard,,062,6.7,PG-13,117,21 Jun 1985,Comedy, Drama, Sci-Fi,,,,Don Ameche, Wilford Brimley, Hume Cronyn, Brian Dennehy,Tom Benedek (screenplay), David Saperstein (story)
Jaws: The Revenge,Joseph Sargent,,063,2.9,PG-13,89 ,17 Jul 1987,Adventure, Horror, Thriller,,,,Lorraine Gary, Lance Guest, Mario Van Peebles, Karen Young,Peter Benchley (characters), Michael De Guzman
The Next Karate Kid,Christopher Cain,,064,4.4,PG,107,09 Sep 1994,Action, Drama, Family, Romance, Sport,,Pat Morita, Hilary Swank, Michael Ironside, Constance Towers,Robert Mark Kamen (characters), Mark Lee
Nine Months,Chris Columbus,,065,5.5,PG-13,103,12 Jul 1995,Comedy, Romance,,,,,Hugh Grant, Julianne Moore, Tom Arnold, Joan Cusack,Patrick Braoudé (film &quot;Neuf mois&quot;), Chris Columbus (screenplay)
Inspector Gadget,David Kellogg,,066,4.1,PG,78 ,23 Jul 1999,Action, Adventure, Comedy, Family, Sci-Fi,,Matthew Broderick, Rupert Everett, Joely Fisher, Michelle Trachtenberg,Andy Heyward (characters), Jean Chalopin (characters), Bruno Bianchi (characters), Dana Olsen (story), Kerry Ehrin (story), Kerry Ehrin (screenplay), Zak Penn (screenplay)
Spawn,Mark A.Z. Dippé,,067,5.2,R,96 ,01 Aug 1997,Action, Horror,,,,,Michael Jai White, John Leguizamo, Martin Sheen, Theresa Randle,Todd McFarlane (comic book), Alan B. McElroy (screen story), Mark A.Z. Dippé (screen story), Alan B. McElroy (screenplay)
Reign of Fire,Rob Bowman,,068,6.2,PG-13,101,12 Jul 2002,Action, Adventure, Fantasy, Sci-Fi, Thriller,,Christian Bale, Matthew McConaughey, Izabella Scorupco, Gerard Butler,Gregg Chabot (story), Kevin Peterka (story), Gregg Chabot (screenplay), Kevin Peterka (screenplay), Matt Greenberg (screenplay)
Twister,Jan de Bont,,069,6.3,PG-13,113,10 May 1996,Action, Adventure, Drama, Thriller,,,Helen Hunt, Bill Paxton, Cary Elwes, Jami Gertz,Michael Crichton, Anne-Marie Martin
Kill Crazy,David Heavener,,070,5.2,R,94 ,21 Nov 1990,Action,,,,,,David Heavener, Rachelle Carson, Steve DeVorkin, Danielle Brisebois,David Heavener
Dracula 2000,Patrick Lussier,,072,4.9,R,99 ,22 Dec 2000,Action, Fantasy, Horror, Thriller,,,Gerard Butler, Christopher Plummer, Jonny Lee Miller, Justine Waddell,Joel Soisson (story), Patrick Lussier (story), Joel Soisson (screenplay)
Invisible Child,Joan Micklin Silver,,074,5.0,NOT RATED,120,08 Mar 1999,Drama,,,,,,Rita Wilson, Victor Garber, Tushka Bergen, Mae Whitman,Ronald Bass (story), David Field (story), David Field (teleplay)
Perfect Stranger,James Foley,,075,5.7,R,109,13 Apr 2007,Crime, Drama, Horror, Mystery, Thriller,,Halle Berry, Bruce Willis, Giovanni Ribisi, Richard Portnow,Todd Komarnicki (screenplay), Jon Bokenkamp (story)
Never Too Young to Die,Gil Bettman,,076,5.0,R,92 ,13 Jun 1986,Action, Adventure, Comedy,,,,John Stamos, Vanity, Gene Simmons, George Lazenby,Steven Paul (story), Stuart Paul (story), Steven Paul (screenplay), Anthony Foutz (screenplay)
Heart Condition,James D. Parriott,,077,5.6,R,100,02 Feb 1990,Comedy, Crime, Drama, Fantasy,,,Bob Hoskins, Denzel Washington, Chloe Webb, Roger E. Mosley,James D. Parriott
Silver Bullet,Daniel Attias,,078,6.4,R,95 ,11 Oct 1985,Horror,,,,,,Gary Busey, Everett McGill, Corey Haim, Megan Follows,Stephen King (novel), Stephen King (screenplay)
Ghost in the Machine,Rachel Talalay,,079,4.4,R,95 ,29 Dec 1993,Horror, Sci-Fi, Thriller,,,,Karen Allen, Chris Mulkey, Ted Marcoux, Wil Horneff,William Davies, William Osborne
New Beginnings: The Making of Friday the 13th Part V - A New Beginning,N/A,,080,8.0,N/A,11 ,16 Jun 2009,Short,,,,,,Michael Felsher, Tiffany Helm, Harry Manfredini, Tom Morga,N/A
Bordello of Blood,Gilbert Adler,,081,5.3,R,87 ,16 Aug 1996,Comedy, Fantasy, Horror,,,,John Kassir, Dennis Miller, Erika Eleniak, Angie Everhart,William M. Gaines (comic books &quot;Tales From the Crypt&quot;), Bob Gale (story), Robert Zemeckis (story), A L Katz (screenplay), Gilbert Adler (screenplay)
Bless the Child,Chuck Russell,,082,5.1,R,107,11 Aug 2000,Crime, Drama, Horror,,,,Kim Basinger, Jimmy Smits, Holliston Coleman, Rufus Sewell,Cathy Cash Spellman (novel), Thomas Rickman (screenplay), Clifford Green (screenplay), Ellen Green (screenplay)
K-911,Charles T. Kanganis,,083,5.7,PG-13,91 ,12 Dec 1999,Action, Comedy, Crime,,,,Jim Belushi, Christine Tucci, James Handy, Wade Williams,Steven Siegel (characters), Scott Myers (characters), Gary Scott Thompson
Die Another Day,Lee Tamahori,,084,6.1,PG-13,133,22 Nov 2002,Action, Adventure, Thriller,,,,Pierce Brosnan, Halle Berry, Toby Stephens, Rosamund Pike,Ian Fleming (characters), Neal Purvis, Robert Wade
Madhouse,William Butler,,085,5.6,R,91 ,30 Jul 2004,Horror, Thriller,,,,,Joshua Leonard, Jordan Ladd, Natasha Lyonne, Lance Henriksen,William Butler (story and screenplay), Aaron Strongoni (story)
Star Trek: Insurrection,Jonathan Frakes,,086,6.4,PG,103,11 Dec 1998,Action, Adventure, Sci-Fi, Thriller,,,Patrick Stewart, Jonathan Frakes, Brent Spiner, LeVar Burton,Gene Roddenberry (creator: &quot;Star Trek&quot;), Rick Berman (story), Michael Piller (story), Michael Piller (screenplay)
Indiana Jones and the Kingdom of the Crystal Skull,Steven Spielberg,,087,6.2,PG-13,122,22 May 2008,Action, Adventure, Fantasy,,,,Harrison Ford, Cate Blanchett, Karen Allen, Shia LaBeouf,David Koepp (screenplay), George Lucas (story), Jeff Nathanson (story), George Lucas (characters), Philip Kaufman (characters)
Eight Crazy Nights,Seth Kearsley,,088,5.3,PG-13,76 ,27 Nov 2002,Animation, Comedy, Musical,,,,Adam Sandler, Jackie Sandler, Austin Stout, Kevin Nealon,Brooks Arthur, Allen Covert, Brad Isaacs, Adam Sandler
The Rapture,Michael Tolkin,,089,6.4,R,100,04 Oct 1991,Drama, Mystery,,,,,Mimi Rogers, Darwyn Carson, Patrick Bauchau, Marvin Elkins,Michael Tolkin
One Magic Christmas,Phillip Borsos,,090,6.6,G,89 ,22 Nov 1985,Family, Fantasy,,,,,Mary Steenburgen, Gary Basaraba, Harry Dean Stanton, Arthur Hill,Thomas Meehan (story), Phillip Borsos (story), Barry Healey (story), Thomas Meehan
Step Up Revolution,Scott Speer,,091,6.5,PG-13,99 ,27 Jul 2012,Drama, Music, Romance,,,,Cleopatra Coleman, Ryan Guzman, Misha Gabriel Hamilton, Michael 'Xeno' Langebeck,Amanda Brody, Duane Adler (characters)
The Raven,James McTeigue,,092,6.4,R,110,27 Apr 2012,Crime, Mystery, Thriller,,,,John Cusack, Luke Evans, Alice Eve, Brendan Gleeson,Hannah Shakespeare, Ben Livingston
Alex Cross,Rob Cohen,,093,5.1,PG-13,101,19 Oct 2012,Action, Crime, Mystery, Thriller,,,Tyler Perry, Edward Burns, Matthew Fox, Jean Reno,Marc Moss (screenplay), Kerry Williamson (screenplay), James Patterson (based on the novel &quot;Cross&quot; by)
Tooth Fairy 2,Alex Zamm,,094,3.9,PG,90 ,06 Mar 2012,Comedy, Family,,,,,Larry the Cable Guy, David Mackey, Erin Beute, John Connon,Ben Zazove
This Means War,McG,,095,6.3,PG-13,103,17 Feb 2012,Action, Comedy, Romance,,,,Reese Witherspoon, Chris Pine, Tom Hardy, Til Schweiger,Timothy Dowling (screenplay), Simon Kinberg (screenplay), Timothy Dowling (story), Marcus Gautesen (story)
On Deadly Ground,Steven Seagal,,096,4.5,R,101,18 Feb 1994,Action, Adventure, Thriller,,,,Steven Seagal, Michael Caine, Joan Chen, John C. McGinley,Ed Horowitz, Robin U. Russin
Tuff Turf,Fritz Kiersch,,097,6.2,R,112,11 Jan 1985,Action, Drama,,,,,James Spader, Kim Richards, Paul Mones, Matt Clark,Jette Rinck (screenplay), Greg Collins O'Neill (story), Murray Michaels (story)
Aspen Extreme,Patrick Hasburgh,,098,5.9,PG-13,113,22 Jan 1993,Drama, Romance, Sport,,,,Paul Gross, Peter Berg, Finola Hughes, Teri Polo,Patrick Hasburgh
Freejack,Geoff Murphy,,099,5.3,R,110,17 Jan 1992,Action, Crime, Sci-Fi, Thriller,,,Emilio Estevez, Mick Jagger, Rene Russo, Anthony Hopkins,Robert Sheckley (novel), Steven Pressfield (screen story), Ronald Shusett (screen story), Steven Pressfield (screenplay), Ronald Shusett (screenplay), Dan Gilroy (screenplay)
Taking Care of Business,Arthur Hiller,,100,6.4,R,108,17 Aug 1990,Comedy,,,,,,Jim Belushi, Charles Grodin, Anne De Salvo, Loryn Locklin,Jill Mazursky, J.J. Abrams
The Pallbearer,Matt Reeves,,101,4.9,PG-13,98 ,03 May 1996,Comedy, Romance,,,,,David Schwimmer, Gwyneth Paltrow, Michael Rapaport, Toni Collette,Jason Katims, Matt Reeves
Batman Forever,Joel Schumacher,,102,5.4,PG-13,121,16 Jun 1995,Action, Adventure, Fantasy,,,,Val Kilmer, Tommy Lee Jones, Jim Carrey, Nicole Kidman,Bob Kane (characters), Lee Batchler (story), Janet Scott Batchler (story), Lee Batchler (screenplay), Janet Scott Batchler (screenplay), Akiva Goldsman (screenplay)
Cat People,Paul Schrader,,104,6.1,R,118,02 Apr 1982,Fantasy, Horror, Thriller,,,,Nastassja Kinski, Malcolm McDowell, John Heard, Annette O'Toole,DeWitt Bodeen (story), Alan Ormsby (screenplay)
Addicted to Love,Griffin Dunne,,105,6.1,R,100,23 May 1997,Comedy, Romance,,,,,Meg Ryan, Matthew Broderick, Kelly Preston, Tchéky Karyo,Robert Gordon
Virtuosity,Brett Leonard,,106,5.6,R,106,04 Aug 1995,Action, Crime, Sci-Fi, Thriller,,,Denzel Washington, Kelly Lynch, Russell Crowe, Stephen Spinella,Eric Bernt
Walking Tall,Phil Karlson,,107,7.0,R,125,22 Feb 1973,Action, Crime, Drama,,,,Joe Don Baker, Elizabeth Hartman, Leif Garrett, Dawn Lyn,Mort Briskin, Stephen Downing
The Mating Habits of the Earthbound Human,Jeff Abugov,,108,6.4,R,88 ,03 Sep 1999,Comedy, Sci-Fi,,,,,David Hyde Pierce, Mackenzie Astin, Carmen Electra, Markus Redmond,Jeff Abugov
The Boondock Saints II: All Saints Day,Troy Duffy,,109,6.3,R,118,11 Dec 2009,Action, Crime, Thriller,,,,Sean Patrick Flanery, Norman Reedus, Billy Connolly, Clifton Collins Jr.,Troy Duffy (screenplay), Troy Duffy (story), Taylor Duffy (story)
Foodfight!,Lawrence Kasanoff,,110,1.8,PG,91 ,12 Feb 2013,Animation, Action, Comedy, Family, Fantasy, Mystery, Sci-Fi,Charlie Sheen, Hilary Duff, Eva Longoria, Wayne Brady,Lawrence Kasanoff (story), Joshua Wexler (story), Brent V. Friedman (screenplay), Rebecca Swanson (screenplay), Sean Catherine Derek (screenplay), Lawrence Kasanoff (screenplay)
Houseguest,Randall Miller,,111,6.0,PG,113,06 Jan 1995,Comedy,,,,,,Sinbad, Phil Hartman, Kim Greist, Kim Murphy,Michael J. Di Gaetano, Lawrence Gay
Maniac Cop 3: Badge of Silence,William Lustig,,112,4.9,R,85 ,07 Jul 1993,Action, Horror,,,,,Robert Davi, Robert Z'Dar, Caitlin Dulany, Gretchen Becker,Larry Cohen (characters), Larry Cohen
Godzilla,Gareth Edwards,,113,6.4,PG-13,123,16 May 2014,Action, Adventure, Sci-Fi, Thriller,,,Aaron Taylor-Johnson, CJ Adams, Ken Watanabe, Bryan Cranston,Max Borenstein (screenplay), Dave Callaham (story), Ishirô Honda (based on the character created by), Takeo Murata (based on the character created by), Shigeru Kayama (based on the character created by)
Steel,Kenneth Johnson,,114,2.8,PG-13,97 ,15 Aug 1997,Action, Crime, Sci-Fi,,,,Shaquille O'Neal, Annabeth Gish, Judd Nelson, Richard Roundtree,Louise Simonson (comic book series), Jon Bogdanove (comic book series), Kenneth Johnson
Bad Boys II,Michael Bay,,115,6.6,R,147,18 Jul 2003,Action, Comedy, Crime, Drama, Thriller,,Martin Lawrence, Will Smith, Jordi Mollŕ, Gabrielle Union,George Gallo (characters), Marianne Wibberley (story), Cormac Wibberley (story), Ron Shelton (story), Ron Shelton (screenplay), Jerry Stahl (screenplay)
S.W.A.T.,Clark Johnson,,117,6.0,PG-13,117,08 Aug 2003,Action, Adventure, Crime, Thriller,,,Samuel L. Jackson, Colin Farrell, Michelle Rodriguez, LL Cool J,Robert Hamner (characters), Ron Mita (story), Jim McClain (story), David Ayer (screenplay), David McKenna (screenplay)
The Running Man,Paul Michael Glaser,,118,6.7,R,101,13 Nov 1987,Action, Sci-Fi, Thriller,,,,Arnold Schwarzenegger, Maria Conchita Alonso, Yaphet Kotto, Jim Brown,Stephen King (novel), Steven E. de Souza (screenplay)
Volcano,Mick Jackson,,119,5.5,PG-13,104,25 Apr 1997,Action, Drama, Sci-Fi, Thriller,,,Tommy Lee Jones, Anne Heche, Gaby Hoffmann, Don Cheadle,Jerome Armstrong (story), Jerome Armstrong (screenplay), Billy Ray (screenplay)
She's All That,Robert Iscove,,120,5.9,PG-13,95 ,29 Jan 1999,Comedy, Romance,,,,,Freddie Prinze Jr., Rachael Leigh Cook, Matthew Lillard, Paul Walker,R. Lee Fleming Jr.
Grown Ups 2,Dennis Dugan,,121,5.4,PG-13,101,12 Jul 2013,Comedy,,,,,,Adam Sandler, Kevin James, Chris Rock, David Spade,Fred Wolf, Adam Sandler, Tim Herlihy, Adam Sandler (based on characters created by), Fred Wolf (based on characters created by)
Only the Strong,Sheldon Lettich,,122,6.7,PG-13,99 ,27 Aug 1993,Action, Drama,,,,,Mark Dacascos, Stacey Travis, Geoffrey Lewis, Paco Christian Prieto,Sheldon Lettich, Luis Esteban
Cliffhanger,Renny Harlin,,123,6.4,R,113,28 May 1993,Action, Adventure, Thriller,,,,Sylvester Stallone, John Lithgow, Michael Rooker, Janine Turner,John Long (premise), Michael France (screen story), Michael France (screenplay), Sylvester Stallone (screenplay)
New Nightmare,Wes Craven,,124,6.5,R,112,14 Oct 1994,Fantasy, Horror, Mystery, Thriller,,,Jeff Davis, Heather Langenkamp, Miko Hughes, Matt Winston,Wes Craven (characters), Wes Craven
Body Parts,Eric Red,,125,5.5,R,88 ,02 Aug 1991,Horror, Thriller,,,,,Jeff Fahey, Lindsay Duncan, Kim Delaney, Zakes Mokae,Pierre Boileau (novel), Thomas Narcejac (novel), Patricia Herskovic (screen story), Joyce Taylor (screen story), Eric Red (screenplay), Norman Snider (screenplay)
Cat's Eye,Lewis Teague,,126,6.3,PG-13,94 ,12 Apr 1985,Comedy, Horror, Thriller,,,,Drew Barrymore, James Woods, Alan King, Kenneth McMillan,Stephen King (screenplay)
Chopping Mall,Jim Wynorski,,127,5.6,R,77 ,21 Mar 1986,Comedy, Horror, Sci-Fi,,,,Kelli Maroney, Tony O'Dell, Russell Todd, Karrie Emerson,Jim Wynorski, Steve Mitchell
Casper,Brad Silberling,,128,6.1,PG,100,26 May 1995,Comedy, Family, Fantasy,,,,Chauncey Leopardi, Spencer Vrooman, Malachi Pearson, Cathy Moriarty,Joseph Oriolo (characters), Sherri Stoner, Deanna Oliver
Scream 3,Wes Craven,,129,5.6,R,116,04 Feb 2000,Horror, Mystery,,,,,Liev Schreiber, Beth Toussaint, Roger Jackson, Kelly Rutherford,Kevin Williamson (characters), Ehren Kruger
Stay Tuned,Peter Hyams,,130,6.1,PG,88 ,14 Aug 1992,Adventure, Comedy, Fantasy,,,,John Ritter, Pam Dawber, Jeffrey Jones, David Tom,Tom S. Parker (screenplay), Jim Jennewein (screenplay), Tom S. Parker (story), Jim Jennewein (story), Richard Siegel (story)
Deep Blue Sea,Renny Harlin,,131,5.8,R,105,28 Jul 1999,Action, Sci-Fi, Thriller,,,,Thomas Jane, Saffron Burrows, Samuel L. Jackson, Jacqueline McKenzie,Duncan Kennedy, Donna Powers, Wayne Powers
China O'Brien,Robert Clouse,,132,5.1,R,86 ,10 Jan 1992,Action,,,,,,Cynthia Rothrock, Richard Norton, Keith Cooke, Doug Wright,Robert Clouse (screenplay), Sandra Weintraub (story)
Copycat,Jon Amiel,,133,6.6,R,123,27 Oct 1995,Drama, Mystery, Thriller,,,,Sigourney Weaver, Holly Hunter, Dermot Mulroney, William McNamara,Ann Biderman, David Madsen
Date with an Angel,Tom McLoughlin,,134,5.8,PG,105,20 Nov 1987,Comedy, Fantasy, Romance,,,,Michael E. Knight, Phoebe Cates, Emmanuelle Béart, David Dukes,Tom McLoughlin
Ghostbusters II,Ivan Reitman,,135,6.5,PG,108,16 Jun 1989,Action, Comedy, Fantasy, Sci-Fi,,,Bill Murray, Dan Aykroyd, Sigourney Weaver, Harold Ramis,Dan Aykroyd (characters), Harold Ramis (characters), Harold Ramis, Dan Aykroyd
The Good Son,Joseph Ruben,,136,6.4,R,87 ,24 Sep 1993,Drama, Horror, Thriller,,,,Macaulay Culkin, Elijah Wood, Wendy Crewson, David Morse,Ian McEwan
Jingle All the Way,Brian Levant,,137,5.5,PG,89 ,22 Nov 1996,Comedy, Family,,,,,Arnold Schwarzenegger, Sinbad, Phil Hartman, Rita Wilson,Randy Kornfield
The Core,Jon Amiel,,138,5.5,PG-13,135,28 Mar 2003,Action, Adventure, Sci-Fi, Thriller,,,Christopher Shyer, Ray Galletti, Eileen Pedde, Rekha Sharma,Cooper Layne, John Rogers
After Earth,M. Night Shyamalan,,139,4.8,PG-13,100,31 May 2013,Action, Adventure, Sci-Fi,,,,Jaden Smith, Will Smith, Sophie Okonedo, Zoë Kravitz,Gary Whitta (screenplay), M. Night Shyamalan (screenplay), Will Smith (story)
Getaway,Courtney Solomon,,141,4.4,PG-13,90 ,30 Aug 2013,Action, Crime, Thriller,,,,Ethan Hawke, Selena Gomez, Jon Voight, Rebecca Budig,Sean Finegan, Gregg Maxwell Parker
A Good Day to Die Hard,John Moore,,142,5.3,R,98 ,14 Feb 2013,Action, Thriller,,,,,Bruce Willis, Jai Courtney, Sebastian Koch, Mary Elizabeth Winstead,Skip Woods, Roderick Thorp (certain original characters by)
Pray for Death,Gordon Hessler,,143,5.8,R,92 ,01 Nov 1985,Action, Crime, Drama,,,,Shô Kosugi, James Booth, Donna Kei Benz, Norman Burton,James Booth
Masters of the Universe,Gary Goddard,,144,5.4,PG,106,07 Aug 1987,Action, Adventure, Fantasy, Sci-Fi, Thriller,,Dolph Lundgren, Frank Langella, Meg Foster, Billy Barty,David Odell
Hard Target,John Woo,,145,6.1,R,97 ,20 Aug 1993,Action, Thriller,,,,,Chuck Pfarrer, Robert Apisa, Arnold Vosloo, Lance Henriksen,Chuck Pfarrer
Mrs. Doubtfire,Chris Columbus,,146,7.0,PG-13,125,24 Nov 1993,Comedy, Drama, Family,,,,Robin Williams, Sally Field, Pierce Brosnan, Harvey Fierstein,Anne Fine (novel), Randi Mayem Singer (screenplay), Leslie Dixon (screenplay)
Blame It on Rio,Stanley Donen,,147,5.7,R,100,17 Feb 1984,Comedy, Romance,,,,,Michael Caine, Joseph Bologna, Valerie Harper, Michelle Johnson,Charlie Peters (screenplay), Larry Gelbart (screenplay)
Canvas,Joseph Greco,,148,6.7,PG-13,101,12 Dec 2008,Drama,,,,,,Griffin Miner, Marcia Gay Harden, Devon Gearhart, Julie Upton,Joseph Greco
Dreamcatcher,Lawrence Kasdan,,149,5.5,R,134,21 Mar 2003,Drama, Horror, Sci-Fi, Thriller,,,Morgan Freeman, Thomas Jane, Jason Lee, Damian Lewis,Stephen King (novel), William Goldman (screenplay), Lawrence Kasdan (screenplay)
My Science Project,Jonathan R. Betuel,,150,6.0,PG,94 ,09 Aug 1985,Action, Adventure, Comedy, Sci-Fi,,,John Stockwell, Danielle von Zerneck, Fisher Stevens, Raphael Sbarge,Jonathan R. Betuel
North,Rob Reiner,,151,4.4,PG,87 ,22 Jul 1994,Adventure, Comedy, Drama, Family, Fantasy,,Elijah Wood, Jason Alexander, Julia Louis-Dreyfus, Marc Shaiman,Alan Zweibel (novel), Alan Zweibel (screenplay), Andrew Scheinman (screenplay)
Joysticks,Greydon Clark,,152,4.2,R,88 ,04 Mar 1983,Comedy,,,,,,Joe Don Baker, Leif Green, Jim Greenleaf, Scott McGinnis,Al Gomez, Mickey Epps, Curtis Burch
The Karate Kid Part III,John G. Avildsen,,153,5.1,PG,112,30 Jun 1989,Action, Drama, Family, Sport,,,Ralph Macchio, Pat Morita, Robyn Lively, Thomas Ian Griffith,Robert Mark Kamen (characters), Robert Mark Kamen
Hail  Caesar!,Ethan Coen, Joel Coen,154,6.3,PG-13,106,05 Feb 2016,Comedy, Mystery,,,,,Josh Brolin, George Clooney, Alden Ehrenreich, Ralph Fiennes,Joel Coen, Ethan Coen
Every Which Way But Loose,James Fargo,,155,6.3,PG,114,20 Dec 1978,Action, Comedy,,,,,Clint Eastwood, Sondra Locke, Geoffrey Lewis, Beverly D'Angelo,Jeremy Joe Kronsberg
The Butterfly Effect,Eric Bress, J. Mackye Gruber,156,7.7,R,113,23 Jan 2004,Drama, Sci-Fi, Thriller,,,,Ashton Kutcher, Melora Walters, Amy Smart, Elden Henson,J. Mackye Gruber, Eric Bress
Abraxas  Guardian of the Universe,Damian Lee,,157,2.7,R,90 ,01 Mar 1991,Action, Sci-Fi,,,,,Jesse Ventura, Sven-Ole Thorsen, Damian Lee, Jerry Levitan,Damian Lee
Hot Dog... The Movie,Peter Markle,,158,4.8,R,96 ,13 Jan 1984,Comedy, Romance, Sport,,,,David Naughton, Patrick Houser, Tracy Smith, John Patrick Reger,Mike Marvin
Hamburger: The Motion Picture,Mike Marvin,,159,4.9,R,90 ,01 Jan 1986,Comedy,,,,,,Leigh McCloskey, Dick Butkus, Randi Brooks, Chuck McCann,Donald Ross
Mystery Men,Kinka Usher,,160,6.1,PG-13,121,06 Aug 1999,Action, Comedy, Fantasy, Sci-Fi,,,Hank Azaria, Janeane Garofalo, William H. Macy, Kel Mitchell,Neil Cuthbert, Bob Burden (comic book series)
Mortal Kombat,Paul W.S. Anderson,,161,5.8,PG-13,101,18 Aug 1995,Action, Adventure, Fantasy, Sci-Fi, Thriller,,Christopher Lambert, Robin Shou, Linden Ashby, Cary-Hiroyuki Tagawa,Ed Boon (video games), John Tobias (video games), Kevin Droney
Swordfish,Dominic Sena,,162,6.5,R,99 ,08 Jun 2001,Action, Crime, Thriller,,,,John Travolta, Hugh Jackman, Halle Berry, Don Cheadle,Skip Woods
Catwoman,Pitof,,163,3.3,PG-13,104,23 Jul 2004,Action, Crime, Fantasy,,,,Halle Berry, Benjamin Bratt, Sharon Stone, Lambert Wilson,Bob Kane (characters), Theresa Rebeck (story), John Brancato (story), Michael Ferris (story), John Brancato (screenplay), Michael Ferris (screenplay), John Rogers (screenplay)
Stroker Ace,Hal Needham,,164,4.8,PG,96 ,01 Jul 1983,Action, Comedy, Romance, Sport,,,Burt Reynolds, Ned Beatty, Jim Nabors, Parker Stevenson,William Neely (novel), Robert K. Ottum (novel), Hugh Wilson (screenplay), Hal Needham (screenplay), David E. Peckinpah
Rise of the Planet of the Apes,Rupert Wyatt,,165,7.6,PG-13,105,05 Aug 2011,Action, Drama, Sci-Fi, Thriller,,,Andy Serkis, Karin Konoval, Terry Notary, Richard Ridings,Rick Jaffa, Amanda Silver
The Day After Tomorrow,Roland Emmerich,,166,6.4,PG-13,124,28 May 2004,Action, Adventure, Sci-Fi, Thriller,,,Dennis Quaid, Jake Gyllenhaal, Emmy Rossum, Dash Mihok,Roland Emmerich (story), Roland Emmerich (screenplay), Jeffrey Nachmanoff (screenplay)
Under Siege 2: Dark Territory,Geoff Murphy,,167,5.4,R,100,14 Jul 1995,Action, Thriller,,,,,Steven Seagal, Eric Bogosian, Everett McGill, Katherine Heigl,Richard Hatem, Matt Reeves, J.F. Lawton (characters)
The Substitute,Robert Mandel,,169,5.9,R,114,19 Apr 1996,Action, Crime, Drama, Thriller,,,Tom Berenger, Raymond Cruz, William Forsythe, Luis Guzmán,Roy Frumkes, Rocco Simonelli, Alan Ormsby
Timecop,Peter Hyams,,170,5.8,R,99 ,16 Sep 1994,Action, Crime, Sci-Fi, Thriller,,,Jean-Claude Van Damme, Mia Sara, Ron Silver, Bruce McGill,Mark Verheiden (screenplay), Mike Richardson (story), Mark Verheiden (story), Mike Richardson (comic series), Mark Verheiden (comic series)
Secret Window,David Koepp,,171,6.6,PG-13,96 ,12 Mar 2004,Drama, Mystery, Thriller,,,,Johnny Depp, John Turturro, Maria Bello, Timothy Hutton,Stephen King (novel), David Koepp (screenplay)
Double Dragon,James Yukich,,172,3.7,PG-13,96 ,04 Nov 1994,Action, Adventure, Comedy, Sci-Fi,,,Robert Patrick, Mark Dacascos, Scott Wolf, Kristina Wagner,Paul Dini (story), Neal Shusterman (story), Michael Davis (screenplay), Peter Gould (screenplay)
Jason Goes to Hell: The Final Friday,Adam Marcus,,174,4.3,R,87 ,13 Aug 1993,Fantasy, Horror, Thriller,,,,John D. LeMay, Kari Keegan, Kane Hodder, Steven Williams,Jay Huguely (story), Adam Marcus (story), Dean Lorey (screenplay), Jay Huguely (screenplay)
I Still Know What You Did Last Summer,Danny Cannon,,175,4.6,R,100,13 Nov 1998,Horror, Mystery,,,,,Jennifer Love Hewitt, Freddie Prinze Jr., Brandy Norwood, Mekhi Phifer,Lois Duncan (characters), Trey Callaway
Child's Play 3,Jack Bender,,176,5.1,R,90 ,30 Aug 1991,Horror, Thriller,,,,,Justin Whalin, Perrey Reeves, Jeremy Sylvers, Travis Fine,Don Mancini (characters), Don Mancini
Wild in the Streets,Barry Shear,,177,6.0,R,97 ,29 May 1968,Comedy, Drama, Music,,,,Shelley Winters, Christopher Jones, Diane Varsi, Hal Holbrook,Robert Thom
Johnny Mnemonic,Robert Longo,,178,5.6,R,96 ,26 May 1995,Action, Crime, Sci-Fi, Thriller,,,Keanu Reeves, Dina Meyer, Ice-T, Takeshi Kitano,William Gibson (screenplay), William Gibson (short story)
The Hand That Rocks the Cradle,Curtis Hanson,,179,6.6,R,110,10 Jan 1992,Drama, Thriller,,,,,Annabella Sciorra, Rebecca De Mornay, Matt McCoy, Ernie Hudson,Amanda Silver
Buried Alive,Frank Darabont,,180,6.6,PG-13,93 ,09 May 1990,Horror, Romance, Thriller,,,,Tim Matheson, Jennifer Jason Leigh, William Atherton, Hoyt Axton,David A. Davies (story), Mark Patrick Carducci (teleplay)
Three Men and a Baby Grand,N/A,,181,5.4,N/A,30 ,N/A,Comedy,,,,,,Jonathan Biggins, Drew Forsythe, Phillip Scott,N/A
Jingle All the Way 2,Alex Zamm,,182,3.9,PG,93 ,02 Dec 2014,Comedy, Family,,,,,Larry the Cable Guy, Brian Stepanek, Anthony Carelli, Kennedi Clements,Randy Kornfield (based on &quot;Jingle All the Way&quot; written by), Stephen Mazur
Super Mario Bros.,Annabel Jankel, Rocky Morton,183,4.0,PG,104,28 May 1993,Adventure, Comedy, Family, Fantasy, Sci-Fi,,Bob Hoskins, John Leguizamo, Dennis Hopper, Samantha Mathis,Parker Bennett, Terry Runte, Ed Solomon
Look Who's Talking Now,Tom Ropelewski,,184,4.3,PG-13,96 ,05 Nov 1993,Comedy, Family, Romance,,,,John Travolta, Kirstie Alley, David Gallagher, Tabitha Lupien,Tom Ropelewski, Leslie Dixon, Amy Heckerling (characters)
I  Frankenstein,Stuart Beattie,,185,5.1,PG-13,92 ,24 Jan 2014,Action, Fantasy, Horror, Sci-Fi, Thriller,,Aaron Eckhart, Yvonne Strahovski, Miranda Otto, Bill Nighy,Stuart Beattie (screenplay), Kevin Grevioux (screen story), Stuart Beattie (screen story), Kevin Grevioux (Darkstorm Studios graphic novel), Mary Shelley (characters)
Winter's Tale,Akiva Goldsman,,186,6.2,PG-13,118,14 Feb 2014,Drama, Fantasy, Mystery, Romance,,,Colin Farrell, Matt Bomer, Lucy Griffiths, Michael Crane,Akiva Goldsman (screenplay), Mark Helprin (novel)
Dracula Untold,Gary Shore,,187,6.3,PG-13,92 ,10 Oct 2014,Action, Drama, Fantasy, Horror, War,,Luke Evans, Sarah Gadon, Dominic Cooper, Art Parkinson,Matt Sazama (screenplay), Burk Sharpless (screenplay), Bram Stoker (characters)
Sabotage,David Ayer,,188,5.7,R,109,28 Mar 2014,Action, Crime, Drama, Thriller,,,Arnold Schwarzenegger, Sam Worthington, Joe Manganiello, Josh Holloway,Skip Woods, David Ayer
Taking Lives,D.J. Caruso,,189,6.2,R,103,19 Mar 2004,Crime, Mystery, Thriller,,,,Angelina Jolie, Ethan Hawke, Kiefer Sutherland, Gena Rowlands,Michael Pye (novel), Jon Bokenkamp (screen story), Jon Bokenkamp (screenplay)
Stigmata,Rupert Wainwright,,190,6.2,R,103,10 Sep 1999,Horror,,,,,,Patricia Arquette, Gabriel Byrne, Jonathan Pryce, Nia Long,Tom Lazarus (story), Tom Lazarus (screenplay), Rick Ramage (screenplay)
Seventh Son,Sergei Bodrov,,191,5.5,PG-13,102,06 Feb 2015,Action, Adventure, Fantasy,,,,Jeff Bridges, Ben Barnes, Julianne Moore, Alicia Vikander,Charles Leavitt (screenplay), Steven Knight (screenplay), Matt Greenberg (screen story), Joseph Delaney (novel)
White Noise,Geoffrey Sax,,192,5.5,PG-13,101,07 Jan 2005,Drama, Horror, Mystery, Thriller,,,Michael Keaton, Chandra West, Deborah Kara Unger, Ian McNeice,Niall Johnson
Teen Wolf Too,Christopher Leitch,,193,3.2,PG,95 ,20 Nov 1987,Comedy, Fantasy,,,,,Jason Bateman, Kim Darby, John Astin, Paul Sand,Jeph Loeb (characters), Matthew Weisman (characters), Jeph Loeb (story), Matthew Weisman (story), Tim Kring (screenplay)
Fatal Beauty,Tom Holland,,194,5.4,R,104,30 Oct 1987,Action, Comedy, Crime, Drama, Thriller,,Whoopi Goldberg, Sam Elliott, Rubén Blades, Harris Yulin,Bill Svanoe (story), Hilary Henkin (screenplay), Dean Riesner (screenplay)
Moontrap,Robert Dyke,,195,5.0,R,92 ,08 Jun 1989,Horror, Sci-Fi,,,,,Walter Koenig, Bruce Campbell, Leigh Lombardi, Robert Kurcz,Tex Ragsdale (screenplay)
Twisted,Philip Kaufman,,196,5.3,R,97 ,27 Feb 2004,Crime, Drama, Mystery, Thriller,,,Ashley Judd, Samuel L. Jackson, Andy Garcia, David Strathairn,Sarah Thorp
Next of Kin,John Irvin,,197,5.8,R,108,20 Oct 1989,Action, Crime, Thriller,,,,Patrick Swayze, Liam Neeson, Adam Baldwin, Helen Hunt,Michael Jenning
The Juror,Brian Gibson,,198,5.6,R,118,02 Feb 1996,Drama, Thriller,,,,,Demi Moore, Alec Baldwin, Joseph Gordon-Levitt, James Gandolfini,George Dawes Green (novel), Ted Tally (screenplay)
Red Heat,Walter Hill,,200,6.1,R,104,17 Jun 1988,Action, Comedy, Crime, Thriller,,,Arnold Schwarzenegger, Jim Belushi, Peter Boyle, Ed O'Ross,Walter Hill (story), Harry Kleiner (screenplay), Walter Hill (screenplay), Troy Kennedy-Martin (screenplay)
Loverboy,Joan Micklin Silver,,201,6.0,PG-13,98 ,28 Apr 1989,Comedy,,,,,,Patrick Dempsey, Kate Jackson, Robert Ginty, Nancy Valen,Robin Schiff (story), Robin Schiff (screenplay), Tom Ropelewski (screenplay), Leslie Dixon (screenplay)
Teen Witch,Dorian Walker,,202,6.2,PG-13,90 ,28 Apr 1989,Comedy, Fantasy, Romance,,,,Robyn Lively, Dan Gauthier, Joshua John Miller, Caren Kaye,Robin Menken, Vernon Zimmerman
House Arrest,Harry Winer,,203,5.8,PG,108,27 Nov 1996,Comedy, Family,,,,,Kyle Howard, Herbert Russell, Jamie Lee Curtis, Kevin Pollak,Michael Hitchcock
Blind Fury,Phillip Noyce,,204,6.3,R,86 ,16 Mar 1990,Action, Comedy, Crime, Drama, Thriller,,Rutger Hauer, Terry O'Quinn, Brandon Call, Noble Willingham,Ryôzô Kasahara (earlier screenplay), Charles Robert Carner (screen story), Charles Robert Carner (screenplay)
Space Jam,Joe Pytka,,205,6.4,PG,88 ,15 Nov 1996,Animation, Adventure, Comedy, Family, Fantasy, Sci-Fi, Sport,Michael Jordan, Wayne Knight, Theresa Randle, Manner Washington,Leo Benvenuti, Steve Rudnick, Timothy Harris, Herschel Weingrod
The Lost World: Jurassic Park,Steven Spielberg,,206,6.5,PG-13,129,23 May 1997,Action, Adventure, Sci-Fi,,,,Jeff Goldblum, Julianne Moore, Pete Postlethwaite, Arliss Howard,Michael Crichton (novel), David Koepp (screenplay)
Stealth,Rob Cohen,,207,5.0,PG-13,121,29 Jul 2005,Action, Adventure, Sci-Fi, Thriller,,,Josh Lucas, Jessica Biel, Jamie Foxx, Sam Shepard,W.D. Richter
Camp Nowhere,Jonathan Prince,,208,6.0,PG,96 ,26 Aug 1994,Adventure, Comedy, Family,,,,John Putch, Peter Scolari, Romy Windsor, Jonathan Jackson,Andrew Kurtzman, Eliot Wald
Son of the Mask,Lawrence Guterman,,209,2.2,PG,94 ,18 Feb 2005,Comedy, Family, Fantasy,,,,Jamie Kennedy, Alan Cumming, Liam Falconer, Ryan Falconer,Lance Khazei
Terminator 3: Rise of the Machines,Jonathan Mostow,,210,6.3,R,109,02 Jul 2003,Action, Sci-Fi,,,,,Arnold Schwarzenegger, Nick Stahl, Claire Danes, Kristanna Loken,James Cameron (characters), Gale Anne Hurd (characters), John Brancato (story), Michael Ferris (story), Tedi Sarafian (story), John Brancato (screenplay), Michael Ferris (screenplay)
DragonHeart,Rob Cohen,,211,6.4,PG-13,103,31 May 1996,Action, Adventure, Fantasy,,,,Dennis Quaid, David Thewlis, Pete Postlethwaite, Dina Meyer,Patrick Read Johnson (story), Charles Edward Pogue (story), Charles Edward Pogue (screenplay)
The Matrix Revolutions,Lana Wachowski, Lilly Wachowski,212,6.7,R,129,05 Nov 2003,Action, Sci-Fi,,,,,Mary Alice, Tanveer K. Atwal, Helmut Bakaitis, Kate Beahan,Lilly Wachowski, Lana Wachowski, Lilly Wachowski (characters), Lana Wachowski (characters)
The League of Extraordinary Gentlemen,Stephen Norrington,,213,5.8,PG-13,110,11 Jul 2003,Action, Adventure, Fantasy, Sci-Fi,,,Sean Connery, Naseeruddin Shah, Peta Wilson, Tony Curran,Alan Moore (comic books), Kevin O'Neill (comic books), James Robinson (screenplay)
Green Lantern,Martin Campbell,,214,5.5,PG-13,114,17 Jun 2011,Action, Adventure, Sci-Fi,,,,Ryan Reynolds, Blake Lively, Peter Sarsgaard, Mark Strong,Greg Berlanti (screenplay), Michael Green (screenplay), Marc Guggenheim (screenplay), Michael Goldenberg (screenplay), Greg Berlanti (screen story), Michael Green (screen story), Marc Guggenheim (screen story)
Mortal Kombat: Annihilation,John R. Leonetti,,215,3.7,PG-13,95 ,21 Nov 1997,Action, Adventure, Fantasy, Sci-Fi, Thriller,,Robin Shou, Talisa Soto, James Remar, Sandra Hess,Ed Boon (video games), Lawrence Kasanoff (story), Joshua Wexler (story), John Tobias (story), Brent V. Friedman (screenplay), Bryce Zabel (screenplay)
Cyber Seduction: His Secret Life,Tom McLoughlin,,216,3.7,TV-14,87 ,20 Jun 2005,Drama,,,,,,Jeremy Sumpter, Lyndsy Fonseca, John Robinson, Jake Scott,Wesley Bishop (teleplay), Richard Kletter (teleplay), Wesley Bishop (story)
The Dead Pool,Buddy Van Horn,,217,6.3,R,91 ,13 Jul 1988,Action, Crime, Mystery, Thriller,,,Clint Eastwood, Patricia Clarkson, Liam Neeson, Evan C. Kim,Harry Julian Fink (characters), Rita M. Fink (characters), Steve Sharon (story), Durk Pearson (story), Sandy Shaw (story), Steve Sharon (screenplay)
The Devil's Advocate,Taylor Hackford,,218,7.5,R,144,17 Oct 1997,Drama, Mystery, Thriller,,,,Keanu Reeves, Al Pacino, Charlize Theron, Jeffrey Jones,Andrew Neiderman (novel), Jonathan Lemkin (screenplay), Tony Gilroy (screenplay)
Brainscan,John Flynn,,219,6.1,R,96 ,22 Apr 1994,Comedy, Horror, Sci-Fi, Thriller,,,Edward Furlong, Frank Langella, T. Ryder Smith, Amy Hargreaves,Brian Owens (story), Andrew Kevin Walker (screenplay)
Killer Workout,David A. Prior,,220,4.9,R,85 ,16 Apr 1987,Horror,,,,,,Marcia Karr, David Campbell, Fritz Matthews, Ted Prior,David A. Prior
Freddy vs. Jason,Ronny Yu,,221,5.8,R,97 ,15 Aug 2003,Action, Horror,,,,,Robert Englund, Ken Kirzinger, Monica Keena, Jason Ritter,Wes Craven (characters), Victor Miller (characters), Damian Shannon, Mark Swift
Thinner,Tom Holland,,222,5.7,R,93 ,25 Oct 1996,Fantasy, Horror,,,,,Robert John Burke, Lucinda Jenney, Bethany Joy Lenz, Time Winters,Stephen King (novel), Michael McDowell (screenplay), Tom Holland (screenplay)
Never Say Never Again,Irvin Kershner,,223,6.2,PG,134,07 Oct 1983,Action, Adventure, Thriller,,,,Sean Connery, Klaus Maria Brandauer, Max von Sydow, Barbara Carrera,Kevin McClory (based on an original story by), Jack Whittingham (based on an original story by), Ian Fleming (based on an original story by), Lorenzo Semple Jr. (screenplay)
Supergirl,N/A,,224,6.5,TV-PG,43 ,26 Oct 2015,Action, Adventure, Drama, Sci-Fi,,,Melissa Benoist, Mehcad Brooks, Chyler Leigh, David Harewood,Ali Adler, Greg Berlanti, Andrew Kreisberg
Weekend at Bernie's,Ted Kotcheff,,225,6.4,PG-13,97 ,05 Jul 1989,Adventure, Comedy, Crime,,,,Andrew McCarthy, Jonathan Silverman, Catherine Mary Stewart, Terry Kiser,Robert Klane
Weekend at Bernie's II,Robert Klane,,226,4.7,PG,97 ,09 Jul 1993,Adventure, Comedy, Fantasy,,,,Andrew McCarthy, Jonathan Silverman, Terry Kiser, Troy Byer,Robert Klane (characters), Robert Klane
Care Bears Movie II: A New Generation,Dale Schott,,227,5.4,G,76 ,21 Mar 1986,Animation, Adventure, Comedy, Family, Fantasy, Musical,Hadley Kay, Chris Wiggins, Cree Summer, Alyson Court,Peter Sauder
Kill Bill: Vol. 1,Quentin Tarantino,,228,8.1,R,111,10 Oct 2003,Action, Crime, Thriller,,,,Uma Thurman, Lucy Liu, Vivica A. Fox, Daryl Hannah,Quentin Tarantino, Quentin Tarantino (character The Bride), Uma Thurman (character The Bride)
Star Wars: Episode II - Attack of the Clones,George Lucas,,229,6.6,PG,142,16 May 2002,Action, Adventure, Fantasy, Sci-Fi,,,Ewan McGregor, Natalie Portman, Hayden Christensen, Christopher Lee,George Lucas (screenplay by), Jonathan Hales (screenplay by), George Lucas (story by)
Santa Claus: The Movie,Jeannot Szwarc,,230,6.1,PG,107,27 Nov 1985,Adventure, Family, Fantasy,,,,Dudley Moore, John Lithgow, David Huddleston, Burgess Meredith,David Newman (story), Leslie Newman (story), David Newman (screenplay)
Entourage,N/A,,231,8.5,TV-MA,28 ,18 Jul 2004,Comedy, Drama,,,,,Kevin Connolly, Adrian Grenier, Kevin Dillon, Jerry Ferrara,Doug Ellin
Russell Madness,Robert Vince,,232,4.3,PG,92 ,10 May 2015,Family,,,,,,Sean Giambrone, David Milchard, Steve Richmond, Jesse Reid,Aaron Brooks (screenplay), Kirsten Hansen (screenplay), Anna McRoberts (screenplay), Anna McRoberts (story), Robert Vince (screenplay), Robert Vince (story)
Pixels,Chris Columbus,,233,5.6,PG-13,105,24 Jul 2015,Action, Comedy, Sci-Fi,,,,Adam Sandler, Kevin James, Michelle Monaghan, Peter Dinklage,Tim Herlihy (screenplay), Timothy Dowling (screenplay), Tim Herlihy (screen story), Patrick Jean (short film)
The Last Witch Hunter,Breck Eisner,,234,6.0,PG-13,106,23 Oct 2015,Action, Adventure, Fantasy,,,,Vin Diesel, Rose Leslie, Elijah Wood, Ólafur Darri Ólafsson,Cory Goodman, Matt Sazama, Burk Sharpless
American Shaolin,Lucas Lowe,,235,5.9,PG-13,106,23 Jul 1992,Action,,,,,,Reese Madigan, Trent Bushey, Daniel Dae Kim, Billy Chang,Keith W. Strandberg
Daredevil,N/A,,236,8.7,TV-MA,54 ,10 Apr 2015,Action, Crime, Drama, Fantasy, Sci-Fi, Thriller,Charlie Cox, Deborah Ann Woll, Elden Henson, Vincent D'Onofrio,Drew Goddard
The Watcher,Joe Charbanic,,237,5.3,R,97 ,08 Sep 2000,Crime, Horror, Mystery,,,,James Spader, Marisa Tomei, Keanu Reeves, Ernie Hudson,Darcy Meyers (story), David Elliot (story), David Elliot (screenplay), Clay Ayers (screenplay)
Olympus Has Fallen,Antoine Fuqua,,238,6.5,R,119,22 Mar 2013,Action, Thriller,,,,,Gerard Butler, Aaron Eckhart, Finley Jacobsen, Dylan McDermott,Creighton Rothenberger, Katrin Benedikt
The Shadow,Russell Mulcahy,,239,6.0,PG-13,108,01 Jul 1994,Action, Adventure, Crime, Fantasy, Mystery, Thriller,Alec Baldwin, John Lone, Penelope Ann Miller, Peter Boyle,Walter B. Gibson (character The Shadow from stories), David Koepp
A Letter from Death Row,Marvin Baker, Bret Michaels,240,4.1,R,89 ,17 Nov 1998,Crime, Drama, Mystery,,,,Bret Michaels, Martin Sheen, Kristi Gibson, Simon Elsworth,Bret Michaels
Nightmare Beach,James Justice, Umberto Lenzi,241,5.4,R,90 ,01 Sep 1989,Horror,,,,,,Nicolas De Toth, Sarah Buxton, Rawley Valverde, Lance LeGault,Umberto Lenzi (story), Vittorio Rambaldi (story), Umberto Lenzi (screenplay), James Justice (screenplay), James Justice (story)
Antitrust,Peter Howitt,,242,6.1,PG-13,105,12 Jan 2001,Action, Crime, Drama, Thriller,,,Ryan Phillippe, Rachael Leigh Cook, Claire Forlani, Tim Robbins,Howard Franklin
Batman v Superman: Dawn of Justice,Zack Snyder,,243,6.5,PG-13,151,25 Mar 2016,Action, Adventure, Fantasy, Sci-Fi,,,Ben Affleck, Henry Cavill, Amy Adams, Jesse Eisenberg,Chris Terrio, David S. Goyer, Bob Kane (Batman created by), Bill Finger (Batman created by), Jerry Siegel (Superman created by), Joe Shuster (Superman created by), William Moulton Marston (character created by: Wonder Woman)
Dungeons & Dragons,Courtney Solomon,,244,3.7,PG-13,107,08 Dec 2000,Action, Adventure, Fantasy,,,,Jeremy Irons, Bruce Payne, Justin Whalin, Marlon Wayans,Topper Lilien, Carroll Cartwright
My Best Friend's Wedding,P.J. Hogan,,245,6.3,PG-13,105,20 Jun 1997,Comedy, Drama, Romance,,,,Julia Roberts, Dermot Mulroney, Cameron Diaz, Rupert Everett,Ronald Bass
The Wizard of Oz,Victor Fleming, George Cukor,246,8.0,PG,102,25 Aug 1939,Adventure, Family, Fantasy, Musical,,,Judy Garland, Frank Morgan, Ray Bolger, Bert Lahr,Noel Langley (screenplay), Florence Ryerson (screenplay), Edgar Allan Woolf (screenplay), Noel Langley (adaptation), L. Frank Baum (from the book by)
Larry the Cable Guy: Health Inspector,Trent Cooper,,247,3.2,PG-13,89 ,24 Mar 2006,Comedy, Romance,,,,,Larry the Cable Guy, David Koechner, Michael Papajohn, Phyllis Alexion,Jonathan Bernstein, James Greer
Waterworld,Kevin Reynolds,,248,6.2,PG-13,135,28 Jul 1995,Action, Adventure, Sci-Fi, Thriller,,,Kevin Costner, Chaim Jeraffi, Rick Aviles, R.D. Call,Peter Rader, David Twohy
American Dreamz,Paul Weitz,,249,5.5,PG-13,107,21 Apr 2006,Comedy, Music,,,,,Hugh Grant, Dennis Quaid, Mandy Moore, Willem Dafoe,Paul Weitz
Highlander II: The Quickening,Russell Mulcahy,,250,4.1,R,91 ,01 Nov 1991,Action, Adventure, Fantasy, Sci-Fi, Thriller,,Christopher Lambert, Sean Connery, Virginia Madsen, Michael Ironside,Gregory Widen (characters), Brian Clemens (story), William N. Panzer (story), Peter Bellwood (screenplay)
Kindergarten Cop 2,Don Michael Paul,,251,4.5,PG-13,100,18 May 2016,Action, Comedy,,,,,Dolph Lundgren, Darla Taylor, Bill Bellamy, Aleks Paunovic,David H. Steinberg (screenplay), Timothy Harris (based on the film written by), Murray Salem (based on the film written by), Murray Salem (story), Herschel Weingrod (based on the film written by)
X-Men: The Last Stand,Brett Ratner,,252,6.7,PG-13,104,26 May 2006,Action, Adventure, Sci-Fi, Thriller,,,Hugh Jackman, Halle Berry, Ian McKellen, Patrick Stewart,Simon Kinberg, Zak Penn
Speed 2: Cruise Control,Jan de Bont,,253,3.8,PG-13,121,13 Jun 1997,Action, Adventure, Crime, Romance, Thriller,,Sandra Bullock, Jason Patric, Willem Dafoe, Temuera Morrison,Graham Yost (characters), Jan de Bont (story), Randall McCormick (story), Randall McCormick (screenplay), Jeff Nathanson (screenplay)
Don't Tell Mom the Babysitter's Dead,Stephen Herek,,254,6.1,PG-13,102,07 Jun 1991,Comedy,,,,,,Christina Applegate, Joanna Cassidy, John Getz, Josh Charles,Neil Landau, Tara Ison
Street Fighter,Steven E. de Souza,,255,3.9,PG-13,102,23 Dec 1994,Action, Adventure, Comedy, Thriller,,,Jean-Claude Van Damme, Raul Julia, Ming-Na Wen, Damian Chapa,Steven E. de Souza
Another 48 Hrs.,Walter Hill,,256,5.8,R,93 ,08 Jun 1990,Action, Comedy, Crime, Drama, Mystery, Thriller,Eddie Murphy, Nick Nolte, Brion James, Kevin Tighe,Roger Spottiswoode (characters), Walter Hill (characters), Larry Gross (characters), Steven E. de Souza (characters), Eddie Murphy (story), John Fasano (screenplay), Jeb Stuart (screenplay), Larry Gross (screenplay)
Wild Wild West,Barry Sonnenfeld,,257,4.9,PG-13,106,30 Jun 1999,Action, Comedy, Sci-Fi, Western,,,Will Smith, Kevin Kline, Kenneth Branagh, Salma Hayek,Jim Thomas (story), John Thomas (story), S.S. Wilson (screenplay), Brent Maddock (screenplay), Jeffrey Price (screenplay), Peter S. Seaman (screenplay)
Lady in the Water,M. Night Shyamalan,,258,5.6,PG-13,110,21 Jul 2006,Drama, Fantasy, Mystery, Thriller,,,Paul Giamatti, Bryce Dallas Howard, Jeffrey Wright, Bob Balaban,M. Night Shyamalan
Star Trek V: The Final Frontier,William Shatner,,259,5.4,PG,107,09 Jun 1989,Action, Adventure, Fantasy, Sci-Fi, Thriller,,William Shatner, Leonard Nimoy, DeForest Kelley, James Doohan,Gene Roddenberry (creator: based on &quot;Star Trek&quot;), William Shatner (story), Harve Bennett (story), David Loughery (story), David Loughery (screenplay)
Con Air,Simon West,,260,6.8,R,115,06 Jun 1997,Action, Crime, Thriller,,,,Colm Meaney, Mykelti Williamson, Nick Chinlund, Renoly Santiago,Scott Rosenberg
Predator 2,Stephen Hopkins,,261,6.3,R,108,21 Nov 1990,Action, Horror, Sci-Fi, Thriller,,,Kevin Peter Hall, Danny Glover, Gary Busey, Rubén Blades,Jim Thomas (characters), John Thomas (characters), Jim Thomas, John Thomas
Jupiter Ascending,Lana Wachowski, Lilly Wachowski,262,5.3,PG-13,127,06 Feb 2015,Action, Adventure, Sci-Fi,,,,Mila Kunis, Channing Tatum, Sean Bean, Eddie Redmayne,Lilly Wachowski, Lana Wachowski
Teenage Mutant Ninja Turtles III,Stuart Gillard,,263,4.8,PG,96 ,19 Mar 1993,Action, Adventure, Comedy, Family, Fantasy, Sci-Fi,Elias Koteas, Paige Turco, Stuart Wilson, Sab Shimono,Kevin Eastman (based on characters created by), Peter Laird (based on characters created by), Stuart Gillard
The Amazing Spider-Man 2,Marc Webb,,264,6.6,PG-13,142,02 May 2014,Action, Adventure, Sci-Fi,,,,Andrew Garfield, Emma Stone, Jamie Foxx, Dane DeHaan,Alex Kurtzman (screenplay), Roberto Orci (screenplay), Jeff Pinkner (screenplay), Alex Kurtzman (screen story), Roberto Orci (screen story), Jeff Pinkner (screen story), James Vanderbilt (screen story), Stan Lee (Marvel comic book), Steve Ditko (Marvel comic book)
The Substitute 2: School's Out,Steven Pearl,,265,5.1,R,89 ,03 Apr 1998,Action, Crime, Thriller,,,,Owen Stadele, Edoardo Ballerini, Christopher Cousins, Chuck Jeffreys,Roy Frumkes (characters), Rocco Simonelli (characters), Alan Ormsby (characters), Roy Frumkes, Rocco Simonelli
Anaconda,Luis Llosa,,266,4.7,PG-13,89 ,11 Apr 1997,Action, Adventure, Horror, Thriller,,,Jennifer Lopez, Ice Cube, Jon Voight, Eric Stoltz,Hans Bauer, Jim Cash, Jack Epps Jr.
Hollow Man,Paul Verhoeven,,267,5.7,R,112,04 Aug 2000,Action, Horror, Sci-Fi, Thriller,,,Elisabeth Shue, Kevin Bacon, Josh Brolin, Kim Dickens,Gary Scott Thompson (story), Andrew W. Marlowe (story), Andrew W. Marlowe (screenplay)
Pet Sematary II,Mary Lambert,,268,4.8,R,100,28 Aug 1992,Fantasy, Horror,,,,,Edward Furlong, Anthony Edwards, Clancy Brown, Jared Rushton,Richard Outten
Halloween: The Curse of Michael Myers,Joe Chappelle,,269,4.9,R,87 ,29 Sep 1995,Horror, Thriller,,,,,Donald Pleasence, Paul Rudd, Marianne Hagan, Mitchell Ryan,Debra Hill (characters), John Carpenter (characters), Daniel Farrands
Ernest Scared Stupid,John R. Cherry III,,270,5.8,PG,91 ,11 Oct 1991,Comedy, Family, Fantasy,,,,Jim Varney, Eartha Kitt, Austin Nagler, Shay Astar,John R. Cherry III (story), Coke Sams (story), Charles Gale (screenplay), Coke Sams (screenplay)
Texas Chainsaw Massacre: The Next Generation,Kim Henkel,,271,3.2,R,95 ,21 Oct 1995,Comedy, Horror, Thriller,,,,Renée Zellweger, Matthew McConaughey, Robert Jacks, Tonie Perensky,Kim Henkel (characters), Tobe Hooper (characters), Kim Henkel
Ghosts Can't Do It,John Derek,,272,2.3,R,90 ,01 Jun 1990,Comedy, Crime, Fantasy, Romance,,,Bo Derek, Anthony Quinn, Don Murray, Julie Newmar,John Derek (by)
Fantastic Four,Tim Story,,274,5.7,PG-13,106,08 Jul 2005,Action, Adventure, Fantasy, Sci-Fi,,,Ioan Gruffudd, Jessica Alba, Chris Evans, Michael Chiklis,Mark Frost, Michael France, Stan Lee (Marvel comic book), Jack Kirby (Marvel comic book)
The Happening,M. Night Shyamalan,,275,5.0,R,91 ,13 Jun 2008,Mystery, Sci-Fi, Thriller,,,,Mark Wahlberg, Zooey Deschanel, John Leguizamo, Ashlyn Sanchez,M. Night Shyamalan
Suburban Commando,Burt Kennedy,,276,4.4,PG,90 ,04 Oct 1991,Action, Comedy, Sci-Fi,,,,Hulk Hogan, Christopher Lloyd, Shelley Duvall, Larry Miller,Frank A. Cappello
Surviving the Game,Ernest R. Dickerson,,277,6.1,R,96 ,15 Apr 1994,Action, Adventure, Crime, Drama, Thriller,,Ice-T, Rutger Hauer, Charles S. Dutton, Gary Busey,Eric Bernt
End of Days,Peter Hyams,,278,5.7,R,122,24 Nov 1999,Action, Fantasy, Horror, Thriller,,,Arnold Schwarzenegger, Gabriel Byrne, Robin Tunney, Kevin Pollak,Andrew W. Marlowe
Demolition Man,Marco Brambilla,,279,6.6,R,115,08 Oct 1993,Action, Crime, Sci-Fi, Thriller,,,Sylvester Stallone, Wesley Snipes, Sandra Bullock, Nigel Hawthorne,Peter M. Lenkov (story), Robert Reneau (story), Daniel Waters (screenplay), Robert Reneau (screenplay), Peter M. Lenkov (screenplay)
The Santa Clause 3: The Escape Clause,Michael Lembeck,,280,4.7,G,97 ,03 Nov 2006,Adventure, Comedy, Family, Fantasy,,,Tim Allen, Elizabeth Mitchell, Eric Lloyd, Judge Reinhold,Ed Decter, John J. Strauss, Leo Benvenuti (characters), Steve Rudnick (characters)
Batman Begins,Christopher Nolan,,281,8.3,PG-13,140,15 Jun 2005,Action, Adventure, Thriller,,,,Christian Bale, Michael Caine, Liam Neeson, Katie Holmes,Bob Kane (characters), David S. Goyer (story), Christopher Nolan (screenplay), David S. Goyer (screenplay)
Collateral Beauty,David Frankel,,282,6.8,PG-13,97 ,16 Dec 2016,Drama, Romance,,,,,Will Smith, Edward Norton, Kate Winslet, Michael Peńa,Allan Loeb
Dirty Grandpa,Dan Mazer,,283,5.9,R,102,22 Jan 2016,Comedy,,,,,,Robert De Niro, Zac Efron, Zoey Deutch, Aubrey Plaza,John Phillips
Suicide Squad,David Ayer,,284,6.1,PG-13,123,05 Aug 2016,Action, Adventure, Fantasy, Sci-Fi,,,Will Smith, Jaime FitzSimons, Ike Barinholtz, Margot Robbie,David Ayer
Gods of Egypt,Alex Proyas,,285,5.4,PG-13,127,26 Feb 2016,Action, Adventure, Fantasy,,,,Brenton Thwaites, John Samaha, Courtney Eaton, Nikolaj Coster-Waldau,Matt Sazama, Burk Sharpless
Independence Day: Resurgence,Roland Emmerich,,286,5.2,PG-13,120,24 Jun 2016,Action, Adventure, Sci-Fi,,,,Liam Hemsworth, Jeff Goldblum, Jessie T. Usher, Bill Pullman,Nicolas Wright (screenplay by), James A. Woods (screenplay by), Dean Devlin (screenplay by), Roland Emmerich (screenplay by), James Vanderbilt (screenplay by), Dean Devlin (story by), Roland Emmerich (story by), Nicolas Wright (story by), James A. Woods (story by), Dean Devlin (based on characters created by), Roland Emmerich (based on characters created by)
Bee Movie,Simon J. Smith, Steve Hickner,287,6.1,PG,91 ,02 Nov 2007,Animation, Adventure, Comedy, Family,,,Jerry Seinfeld, Renée Zellweger, Matthew Broderick, Patrick Warburton,Jerry Seinfeld, Spike Feresten, Barry Marder, Andy Robin, Chuck Martin (additional screenplay material), Tom Papa (additional screenplay material)
My Father the Hero,Steve Miner,,288,5.4,PG,90 ,04 Feb 1994,Comedy, Romance,,,,,Gérard Depardieu, Katherine Heigl, Dalton James, Lauren Hutton,Gérard Lauzier (screenplay &quot;Mon pčre,  ce héros&quot;), Francis Veber (screenplay), Charlie Peters (screenplay)
Retroactive,Louis Morneau,,289,6.3,R,91 ,01 Jan 1997,Action, Crime, Drama, Sci-Fi, Thriller,,Jim Belushi, Kylie Travis, Shannon Whirry, Frank Whaley,Michael Hamilton-Wright, Robert Strauss, Phillip Badger
Tango & Cash,Andrey Konchalovskiy, Albert Magnoli,290,6.4,R,104,22 Dec 1989,Action, Comedy, Crime, Thriller,,,Sylvester Stallone, Kurt Russell, Teri Hatcher, Jack Palance,Randy Feldman
Avatar: The Last Airbender,N/A,,291,9.2,TV-Y7-FV,23 ,N/A,Animation, Action, Adventure, Family, Fantasy, Mystery,Dee Bradley Baker, Zach Tyler, Mae Whitman, Jack De Sena,Michael Dante DiMartino, Bryan Konietzko
Ultraviolet,Kurt Wimmer,,293,4.4,PG-13,88 ,03 Mar 2006,Action, Sci-Fi, Thriller,,,,Milla Jovovich, Cameron Bright, Nick Chinlund, Sebastien Andrieu,Kurt Wimmer
Power Rangers Ninja Steel,N/A,,294,6.7,TV-Y7,21 ,21 Jan 2017,Action, Sci-Fi,,,,,William Shewfelt, Nico Greetham, Zoë Robins, Peter Adrian Sudarso,Haim Saban, Power Rangers Story Department
Overboard,Garry Marshall,,295,6.8,PG,106,16 Dec 1987,Comedy, Romance,,,,,Goldie Hawn, Kurt Russell, Edward Herrmann, Katherine Helmond,Leslie Dixon
Sidekicks,Aaron Norris,,296,5.0,PG,101,30 Apr 1993,Action, Adventure, Comedy,,,,Beau Bridges, Jonathan Brandis, Mako, Julia Nickson,Lou Illar (story), Galen Thompson (screenplay), Lou Illar (screenplay)
Howard the Duck,Willard Huyck,,297,4.6,PG,110,01 Aug 1986,Action, Adventure, Comedy, Romance, Sci-Fi,,Lea Thompson, Jeffrey Jones, Tim Robbins, Ed Gale,Steve Gerber (Marvel comics character: Howard the Duck), Willard Huyck, Gloria Katz
Hot to Trot,Michael Dinner,,298,4.4,PG,83 ,26 Aug 1988,Comedy, Fantasy,,,,,Bobcat Goldthwait, Dabney Coleman, John Candy, Virginia Madsen,Stephen Neigher (story), Hugo Gilbert (story), Stephen Neigher (screenplay), Hugo Gilbert (screenplay), Charlie Peters (screenplay)
Death Wish 3,Michael Winner,,299,5.9,R,92 ,01 Nov 1985,Action, Crime, Drama, Thriller,,,Charles Bronson, Deborah Raffin, Ed Lauter, Martin Balsam,Don Jakoby, Brian Garfield (characters created by)
300,Zack Snyder,,300,7.7,R,117,09 Mar 2007,Action, Fantasy,,,,,Gerard Butler, Lena Headey, Dominic West, David Wenham,Zack Snyder (screenplay), Kurt Johnstad (screenplay), Michael B. Gordon (screenplay), Frank Miller (graphic novel), Lynn Varley (graphic novel)
AVP: Alien vs. Predator,Paul W.S. Anderson,,301,5.6,PG-13,101,13 Aug 2004,Action, Horror, Sci-Fi, Thriller,,,Sanaa Lathan, Raoul Bova, Lance Henriksen, Ewen Bremner,Dan O'Bannon (&quot;Alien&quot; characters), Ronald Shusett (&quot;Alien&quot; characters), Jim Thomas (&quot;Predator&quot; characters), John Thomas (&quot;Predator&quot; characters), Paul W.S. Anderson (screen story), Dan O'Bannon (screen story), Ronald Shusett (screen story), Paul W.S. Anderson (screenplay)
Ninja III: The Domination,Sam Firstenberg,,302,5.1,R,92 ,14 Sep 1984,Action, Fantasy, Thriller,,,,Shô Kosugi, Lucinda Dickey, Jordan Bennett, David Chung,James R. Silke
Disclosure,Barry Levinson,,303,6.1,R,128,09 Dec 1994,Drama, Thriller,,,,,Michael Douglas, Demi Moore, Donald Sutherland, Caroline Goodall,Michael Crichton (novel), Paul Attanasio (screenplay)
Transformers,Michael Bay,,304,7.1,PG-13,144,03 Jul 2007,Action, Adventure, Sci-Fi,,,,Shia LaBeouf, Megan Fox, Josh Duhamel, Tyrese Gibson,Roberto Orci (screenplay), Alex Kurtzman (screenplay), John Rogers (story), Roberto Orci (story), Alex Kurtzman (story)
Transformers: Revenge of the Fallen,Michael Bay,,305,6.0,PG-13,150,24 Jun 2009,Action, Adventure, Sci-Fi,,,,Shia LaBeouf, Megan Fox, Josh Duhamel, Tyrese Gibson,Ehren Kruger, Roberto Orci, Alex Kurtzman
Transformers: Dark of the Moon,Michael Bay,,306,6.3,PG-13,154,29 Jun 2011,Action, Adventure, Sci-Fi,,,,Shia LaBeouf, Rosie Huntington-Whiteley, Josh Duhamel, John Turturro,Ehren Kruger
Transformers: Age of Extinction,Michael Bay,,308,5.7,PG-13,165,27 Jun 2014,Action, Adventure, Sci-Fi,,,,Mark Wahlberg, Stanley Tucci, Kelsey Grammer, Nicola Peltz,Ehren Kruger
Encino Man,Les Mayfield,,309,5.7,PG,88 ,22 May 1992,Comedy,,,,,,Sean Astin, Brendan Fraser, Pauly Shore, Megan Ward,George Zaloom (story), Shawn Schepps (story), Shawn Schepps (screenplay)
Transformers: The Last Knight,Michael Bay,,310,5.2,PG-13,154,21 Jun 2017,Action, Adventure, Sci-Fi,,,,Mark Wahlberg, Anthony Hopkins, Josh Duhamel, Laura Haddock,Art Marcum (screenplay by), Matt Holloway (screenplay by), Ken Nolan (screenplay by), Akiva Goldsman (story by), Art Marcum (story by), Matt Holloway (story by), Ken Nolan (story by)
Air Force One,Wolfgang Petersen,,311,6.5,R,124,25 Jul 1997,Action, Drama, Thriller,,,,Harrison Ford, Gary Oldman, Glenn Close, Wendy Crewson,Andrew W. Marlowe
Spider-Man 3,Sam Raimi,,312,6.2,PG-13,139,04 May 2007,Action, Adventure, Sci-Fi,,,,Tobey Maguire, Kirsten Dunst, James Franco, Thomas Haden Church,Sam Raimi (screenplay), Ivan Raimi (screenplay), Alvin Sargent (screenplay), Sam Raimi (screen story), Ivan Raimi (screen story), Stan Lee (Marvel comic book), Steve Ditko (Marvel comic book)
Over the Top,Menahem Golan,,314,5.7,PG,93 ,13 Feb 1987,Action, Drama, Sport,,,,Sylvester Stallone, Robert Loggia, Susan Blakely, Rick Zumwalt,Gary Conway (story), David Engelbach (story), Stirling Silliphant (screenplay), Sylvester Stallone (screenplay)
Mac and Me,Stewart Raffill,,315,3.4,PG,95 ,12 Aug 1988,Adventure, Family, Fantasy, Sci-Fi,,,Christine Ebersole, Jonathan Ward, Tina Caspary, Lauren Stanley,Stewart Raffill, Steve Feke
It,N/A,,316,6.9,TV-14,192,18 Nov 1990,Drama, Horror, Mystery, Thriller,,,Harry Anderson, Dennis Christopher, Richard Masur, Annette O'Toole,N/A
If Looks Could Kill,William Dear,,317,5.7,PG-13,88 ,15 Mar 1991,Action, Comedy,,,,,Richard Grieco, Roger Rees, Linda Hunt, Robin Bartlett,Fred Dekker (story), Darren Star (screenplay)
Samurai Cop,Amir Shervan,,318,4.7,UNRATED,96 ,30 Nov 1991,Action, Crime, Thriller,,,,Robert Z'Dar, Mathew Karedas, Janis Farley, Mark Frazer,Amir Shervan
Freddy's Dead: The Final Nightmare,Rachel Talalay,,319,4.9,R,89 ,13 Sep 1991,Fantasy, Horror,,,,,Robert Englund, Lisa Zane, Shon Greenblatt, Lezlie Deane,Wes Craven (characters), Rachel Talalay (story), Michael De Luca (screenplay)
Dr. Giggles,Manny Coto,,320,5.1,R,95 ,23 Oct 1992,Comedy, Drama, Horror, Mystery, Thriller,,Larry Drake, Holly Marie Combs, Cliff De Young, Glenn Quinn,Manny Coto, Graeme Whifler
Scream 2,Wes Craven,,321,6.1,R,120,12 Dec 1997,Horror, Mystery,,,,,Jada Pinkett Smith, Omar Epps, Paulette Patterson, Rasila Schroeder,Kevin Williamson (characters), Kevin Williamson
Saw,James Wan,,322,7.6,R,103,29 Oct 2004,Horror, Mystery,,,,,Leigh Whannell, Cary Elwes, Danny Glover, Ken Leung,Leigh Whannell, James Wan (story), Leigh Whannell (story)
Trick or Treat,Charles Martin Smith,,323,5.8,R,98 ,24 Oct 1986,Comedy, Horror, Music,,,,Marc Price, Tony Fields, Lisa Orgolini, Doug Savant,Rhet Topham (story), Michael S. Murphey (screenplay), Joel Soisson (screenplay), Rhet Topham (screenplay)
Rising Sun,Philip Kaufman,,324,6.2,R,129,30 Jul 1993,Action, Crime, Drama, Mystery, Thriller,,Sean Connery, Wesley Snipes, Harvey Keitel, Cary-Hiroyuki Tagawa,Michael Crichton (novel), Philip Kaufman (screenplay), Michael Crichton (screenplay), Michael Backes (screenplay)
The Fan,Tony Scott,,325,5.8,R,116,16 Aug 1996,Action, Drama, Sport,,,,Robert De Niro, Wesley Snipes, Ellen Barkin, John Leguizamo,Peter Abrahams (book), Phoef Sutton (screenplay)
Murder at 1600,Dwight H. Little,,326,6.1,R,107,18 Apr 1997,Action, Crime, Drama, Mystery, Thriller,,Wesley Snipes, Diane Lane, Daniel Benzali, Dennis Miller,Wayne Beach, David Hodgin
Drop Zone,John Badham,,327,5.6,R,101,09 Dec 1994,Action, Adventure, Thriller,,,,Wesley Snipes, Gary Busey, Yancy Butler, Michael Jeter,Tony Griffin (story), Guy Manos (story), Peter Barsocchini (story), Peter Barsocchini (screenplay), John Bishop (screenplay)
The Punisher,Jonathan Hensleigh,,328,6.5,R,124,16 Apr 2004,Action, Adventure, Crime, Drama, Thriller,,A. Russell Andrews, Omar Avila, James Carpinello, Mark Collie,Jonathan Hensleigh, Michael France
Hard to Kill,Bruce Malmuth,,329,5.8,R,96 ,09 Feb 1990,Action, Crime, Drama, Thriller,,,Steven Seagal, Kelly LeBrock, William Sadler, Frederick Coffin,Steven McKay
Pottersville,Seth Henrikson,,330,5.3,PG-13,84 ,10 Nov 2017,Comedy,,,,,,Michael Shannon, Judy Greer, Ron Perlman, Christina Hendricks,Daniel Meyer
Constantine,Francis Lawrence,,331,7.0,R,132,18 Feb 2005,Action, Fantasy, Horror, Mystery,,,Keanu Reeves, Rachel Weisz, Shia LaBeouf, Djimon Hounsou,Jamie Delano (comic book &quot;Hellblazer&quot;), Garth Ennis (comic book &quot;Hellblazer&quot;), Kevin Brodbin (story), Kevin Brodbin (screenplay), Frank A. Cappello (screenplay)
The Boss Baby,Tom McGrath,,332,6.3,PG,97 ,31 Mar 2017,Animation, Adventure, Comedy, Family, Fantasy,,Alec Baldwin, Steve Buscemi, Jimmy Kimmel, Lisa Kudrow,Michael McCullers, Marla Frazee (based on the book by)
Bright,David Ayer,,333,6.4,TV-MA,117,22 Dec 2017,Action, Crime, Fantasy, Thriller,,,Will Smith, Joel Edgerton, Noomi Rapace, Edgar Ramírez,Max Landis
The Fate of the Furious,F. Gary Gray,,334,6.7,PG-13,136,14 Apr 2017,Action, Crime, Thriller,,,,Vin Diesel, Jason Statham, Dwayne Johnson, Michelle Rodriguez,Gary Scott Thompson (based on characters created by), Chris Morgan
The Bye Bye Man,Stacy Title,,335,4.3,PG-13,96 ,13 Jan 2017,Drama, Fantasy, Horror, Mystery, Thriller,,Douglas Smith, Lucien Laviscount, Cressida Bonas, Doug Jones,Jonathan Penner (screenplay by), Robert Damon Schneck (based on &quot;The Bridge to Body Island&quot; by)
Geostorm,Dean Devlin,,336,5.3,PG-13,109,20 Oct 2017,Action, Sci-Fi, Thriller,,,,Gerard Butler, Jim Sturgess, Abbie Cornish, Alexandra Maria Lara,Dean Devlin, Paul Guyot
Going in Style,Zach Braff,,337,6.6,PG-13,96 ,07 Apr 2017,Comedy, Crime,,,,,Michael Caine, Alan Arkin, Ann-Margret, Matt Dillon,Theodore Melfi (screenplay by), Edward Cannon (based on the story by)
Blade: Trinity,David S. Goyer,,338,5.9,R,113,08 Dec 2004,Action, Adventure, Horror, Sci-Fi, Thriller,,Wesley Snipes, Kris Kristofferson, Dominic Purcell, Jessica Biel,David S. Goyer, Marv Wolfman (character), Gene Colan (character)
Man of Steel,Zack Snyder,,339,7.1,PG-13,143,14 Jun 2013,Action, Adventure, Fantasy, Sci-Fi,,,Henry Cavill, Amy Adams, Michael Shannon, Diane Lane,David S. Goyer (screenplay), David S. Goyer (story), Christopher Nolan (story), Jerry Siegel (Superman created by), Joe Shuster (Superman created by)
You've Got Mail,Nora Ephron,,340,6.6,PG,119,18 Dec 1998,Comedy, Drama, Romance,,,,Tom Hanks, Meg Ryan, Greg Kinnear, Parker Posey,Miklós László (play), Nora Ephron (screenplay), Delia Ephron (screenplay)
Traces of Red,Andy Wolk,,341,5.2,R,105,11 Nov 1992,Crime, Drama, Mystery,,,,Jim Belushi, Lorraine Bracco, Tony Goldwyn, William Russ,Jim Piddock
Death Wish V: The Face of Death,Allan A. Goldstein,,342,4.8,R,95 ,14 Jan 1994,Action, Crime, Drama, Thriller,,,Charles Bronson, Lesley-Anne Down, Michael Parks, Chuck Shamata,Brian Garfield (characters), Michael Colleary (story), Allan A. Goldstein (story), Allan A. Goldstein (screenplay)
The Jerky Boys,James Melkonian,,343,4.6,R,82 ,03 Feb 1995,Comedy, Crime,,,,,John G. Brennan, Kamal Ahmed, Alan Arkin, William Hickey,James Melkonian, Rich Wilkes, John G. Brennan, Kamal Ahmed
Ghost Rider: Spirit of Vengeance,Mark Neveldine, Brian Taylor,344,4.3,PG-13,96 ,17 Feb 2012,Action, Fantasy, Thriller,,,,Nicolas Cage, Violante Placido, Ciarán Hinds, Idris Elba,Scott M. Gimple (screenplay), Seth Hoffman (screenplay), David S. Goyer (screenplay), David S. Goyer (story)
Maximum Overdrive,Stephen King,,345,5.4,R,98 ,25 Jul 1986,Action, Comedy, Horror, Sci-Fi,,,Emilio Estevez, Pat Hingle, Laura Harrington, Yeardley Smith,Stephen King (film by), Stephen King (written for the screen by)
I'll Always Know What You Did Last Summer,Sylvain White,,346,3.6,R,92 ,22 Aug 2006,Horror, Mystery, Thriller,,,,Brooke Nevin, David Paetkau, Torrey DeVitto, Ben Easter,Lois Duncan (based on characters created by), Michael D. Weiss
Tarzan the Ape Man,W.S. Van Dyke,,347,7.2,PASSED,100,02 Apr 1932,Action, Adventure, Romance,,,,Johnny Weissmuller, Neil Hamilton, C. Aubrey Smith, Maureen O'Sullivan,Edgar Rice Burroughs (based upon the characters created by), Cyril Hume (adaptation), Ivor Novello (dialogue)
I Know Who Killed Me,Chris Sivertson,,348,3.6,R,105,27 Jul 2007,Crime, Drama, Mystery, Thriller,,,Bonnie Aarons, Lindsay Lohan, Michael Adler, Julia Ormond,Jeff Hammond
Shrek,Andrew Adamson, Vicky Jenson,349,7.9,PG,90 ,18 May 2001,Animation, Adventure, Comedy, Family, Fantasy,,Mike Myers, Eddie Murphy, Cameron Diaz, John Lithgow,William Steig (based upon the book by), Ted Elliott, Terry Rossio, Joe Stillman, Roger S.H. Schulman, Cody Cameron (additional dialogue), Chris Miller (additional dialogue), Conrad Vernon (additional dialogue)
Wild Hogs,Walt Becker,,350,5.9,PG-13,100,02 Mar 2007,Adventure, Comedy,,,,,Tim Allen, John Travolta, Martin Lawrence, William H. Macy,Brad Copeland
Jungle 2 Jungle,John Pasquin,,351,5.1,PG,105,07 Mar 1997,Comedy, Family,,,,,Tim Allen, Martin Short, JoBeth Williams, Lolita Davidovich,Hervé Palud (earlier screenplay Un indien dans la ville), Thierry Lhermitte (earlier screenplay Un indien dans la ville), Jean-Marie Pallardy (earlier screenplay Un indien dans la ville), Philippe Bruneau (earlier screenplay Un indien dans la ville), Bruce A. Evans (screenplay), Raynold Gideon (screenplay)
Lost in Space,Stephen Hopkins,,352,5.1,PG-13,130,03 Apr 1998,Action, Adventure, Family, Sci-Fi, Thriller,,William Hurt, Mimi Rogers, Heather Graham, Lacey Chabert,Irwin Allen (television series), Akiva Goldsman
Airborne,Rob Bowman,,353,6.2,PG,91 ,17 Sep 1993,Adventure, Comedy, Sport,,,,Shane McDermott, Seth Green, Brittney Powell, Chris Conrad,Bill Apablasa (screenplay), Stephen McEveety (story), Bill Apablasa (story)
The Bucket List,Rob Reiner,,354,7.4,PG-13,97 ,11 Jan 2008,Adventure, Comedy, Drama,,,,Jack Nicholson, Morgan Freeman, Sean Hayes, Beverly Todd,Justin Zackham
Dollman,Albert Pyun,,355,5.8,R,79 ,12 Mar 1992,Action, Comedy, Sci-Fi,,,,Tim Thomerson, Jackie Earle Haley, Kamala Lopez, Humberto Ortiz,Charles Band (original story), Chris Roghair (screenplay)
Transcendence,Wally Pfister,,356,6.3,PG-13,119,18 Apr 2014,Drama, Mystery, Romance, Sci-Fi, Thriller,,Johnny Depp, Rebecca Hall, Paul Bettany, Cillian Murphy,Jack Paglen
The X Files: I Want to Believe,Chris Carter,,357,5.9,PG-13,104,25 Jul 2008,Drama, Horror, Mystery, Sci-Fi, Thriller,,David Duchovny, Gillian Anderson, Amanda Peet, Billy Connolly,Frank Spotnitz, Chris Carter, Chris Carter (television series &quot;The X-Files&quot;)
Witless Protection,Charles Robert Carner,,358,3.2,PG-13,97 ,22 Feb 2008,Comedy, Crime,,,,,Larry the Cable Guy, Richard Bull, J. David Moeller, Will Clinger,Charles Robert Carner (screenplay), Charles Robert Carner (story), Alan C. Blomquist (story)
X-Men Origins: Wolverine,Gavin Hood,,359,6.6,PG-13,107,01 May 2009,Action, Adventure, Sci-Fi, Thriller,,,Hugh Jackman, Liev Schreiber, Danny Huston, Will.i.am,David Benioff (screenplay), Skip Woods (screenplay)
Ocean's Twelve,Steven Soderbergh,,360,6.5,PG-13,125,10 Dec 2004,Crime, Thriller,,,,,Brad Pitt, Catherine Zeta-Jones, George Clooney, Ed Kross,George Nolfi, George Clayton Johnson (characters), Jack Golden Russell (characters)
xXx,Rob Cohen,,361,5.9,PG-13,124,09 Aug 2002,Action, Adventure, Thriller,,,,Vin Diesel, Asia Argento, Marton Csokas, Samuel L. Jackson,Rich Wilkes
Jurassic World,Colin Trevorrow,,362,7.0,PG-13,124,12 Jun 2015,Action, Adventure, Sci-Fi,,,,Chris Pratt, Bryce Dallas Howard, Irrfan Khan, Vincent D'Onofrio,Rick Jaffa (screenplay by), Amanda Silver (screenplay by), Colin Trevorrow (screenplay by), Derek Connolly (screenplay by), Rick Jaffa (story by), Amanda Silver (story by), Michael Crichton (based on the characters created by)
Jurassic Park III,Joe Johnston,,363,5.9,PG-13,92 ,18 Jul 2001,Action, Adventure, Sci-Fi, Thriller,,,Sam Neill, William H. Macy, Téa Leoni, Alessandro Nivola,Michael Crichton (characters), Peter Buchman, Alexander Payne, Jim Taylor
Lethal Weapon 4,Richard Donner,,364,6.6,R,127,10 Jul 1998,Action, Crime, Thriller,,,,Mel Gibson, Danny Glover, Joe Pesci, Rene Russo,Shane Black (characters), Jonathan Lemkin (story), Alfred Gough (story), Miles Millar (story), Channing Gibson (screenplay)
Rambo III,Peter MacDonald,,365,5.8,R,102,25 May 1988,Action, Adventure, Thriller, War,,,Sylvester Stallone, Richard Crenna, Marc de Jonge, Kurtwood Smith,David Morrell (characters), Sylvester Stallone, Sheldon Lettich
Runaway Bride,Garry Marshall,,366,5.5,PG,116,30 Jul 1999,Comedy, Romance,,,,,Julia Roberts, Richard Gere, Joan Cusack, Hector Elizondo,Josann McGibbon, Sara Parriott
America's Sweethearts,Joe Roth,,367,5.7,PG-13,102,20 Jul 2001,Comedy, Romance,,,,,Julia Roberts, Billy Crystal, Catherine Zeta-Jones, John Cusack,Billy Crystal, Peter Tolan
Eraser,Chuck Russell,,368,6.1,R,115,21 Jun 1996,Action, Drama, Mystery, Thriller,,,Arnold Schwarzenegger, James Caan, Vanessa Williams, James Coburn,Tony Puryear (story), Walon Green (story), Michael S. Chernuchin (story), Tony Puryear (screenplay), Walon Green (screenplay)
Rookie of the Year,Daniel Stern,,369,6.0,PG,103,07 Jul 1993,Comedy, Family, Fantasy, Sport,,,Thomas Ian Nicholas, Gary Busey, Albert Hall, Amy Morton,Sam Harper
Armageddon,Michael Bay,,370,6.7,PG-13,151,01 Jul 1998,Action, Adventure, Sci-Fi, Thriller,,,Bruce Willis, Billy Bob Thornton, Ben Affleck, Liv Tyler,Jonathan Hensleigh (screenplay), J.J. Abrams (screenplay), Tony Gilroy (adaptation), Shane Salerno (adaptation), Robert Roy Pool (story), Jonathan Hensleigh (story)
The Emoji Movie,Tony Leondis,,371,3.2,PG,86 ,28 Jul 2017,Animation, Adventure, Comedy, Family,,,T.J. Miller, James Corden, Anna Faris, Maya Rudolph,Tony Leondis (screenplay by), Eric Siegel (screenplay by), Mike White (screenplay by), Tony Leondis (story by), Eric Siegel (story by), John Hoffman (additional screenplay material)
Jason X,James Isaac,,372,4.4,R,91 ,26 Apr 2002,Action, Horror, Sci-Fi, Thriller,,,Kane Hodder, Jeff Geddis, Lexa Doig, David Cronenberg,Victor Miller (characters), Todd Farmer
Friday the 13th Part VIII: Jason Takes Manhattan,Rob Hedden,,373,4.6,R,100,28 Jul 1989,Adventure, Horror, Thriller,,,,Todd Caldecott, Tiffany Paulsen, Tim Mirkovich, Kane Hodder,Rob Hedden, Victor Miller (characters)
Tank Girl,Rachel Talalay,,374,5.3,R,104,31 Mar 1995,Action, Comedy, Sci-Fi,,,,Lori Petty, Ice-T, Naomi Watts, Don Harvey,Alan Martin (comic strip), Jamie Hewlett (comic strip), Tedi Sarafian
Cobra,George P. Cosmatos,,375,5.7,R,87 ,23 May 1986,Action, Crime, Thriller,,,,Sylvester Stallone, Brigitte Nielsen, Reni Santoni, Andrew Robinson,Paula Gosling (novel), Sylvester Stallone (screenplay)
The Flintstones,Brian Levant,,376,4.8,PG,91 ,27 May 1994,Comedy, Family, Fantasy,,,,John Goodman, Elizabeth Perkins, Rick Moranis, Rosie O'Donnell,Tom S. Parker, Jim Jennewein, Steven E. de Souza
Ready Player One,Steven Spielberg,,377,7.5,PG-13,140,29 Mar 2018,Action, Adventure, Sci-Fi,,,,Tye Sheridan, Olivia Cooke, Ben Mendelsohn, Lena Waithe,Zak Penn (screenplay by), Ernest Cline (screenplay by), Ernest Cline (based on the novel by)
Masterminds,Jared Hess,,378,5.8,PG-13,95 ,30 Sep 2016,Action, Comedy, Crime,,,,Zach Galifianakis, Kristen Wiig, Owen Wilson, Ross Kimball,Chris Bowman (screenplay), Hubbel Palmer (screenplay), Emily Spivey (screenplay), Emily Spivey (story), Chris Bowman (story), Hubbel Palmer (story)
Aliens vs. Predator: Requiem,Colin Strause, Greg Strause,379,4.7,R,94 ,25 Dec 2007,Action, Horror, Sci-Fi, Thriller,,,Steven Pasquale, Reiko Aylesworth, John Ortiz, Johnny Lewis,Shane Salerno, Dan O'Bannon (&quot;Alien&quot; characters), Ronald Shusett (&quot;Alien&quot; characters), Jim Thomas (&quot;Predator&quot; characters), John Thomas (&quot;Predator&quot; characters)
The Stepford Wives,Frank Oz,,380,5.3,PG-13,93 ,11 Jun 2004,Comedy, Horror, Sci-Fi, Thriller,,,Nicole Kidman, Matthew Broderick, Bette Midler, Glenn Close,Ira Levin (book), Paul Rudnick (screenplay)
Hellraiser III: Hell on Earth,Anthony Hickox,,381,5.5,R,97 ,11 Sep 1992,Horror,,,,,,Kevin Bernhardt, Lawrence Mortorff, Terry Farrell, Ken Carpenter,Clive Barker (characters), Peter Atkins (story), Tony Randel (story), Peter Atkins (screenplay)
Man's Best Friend,John Lafia,,382,5.1,R,87 ,19 Nov 1993,Comedy, Horror, Sci-Fi, Thriller,,,Ally Sheedy, Lance Henriksen, Robert Costanzo, Fredric Lehne,John Lafia
Halloween: Resurrection,Rick Rosenthal,,383,4.1,R,94 ,12 Jul 2002,Horror, Thriller,,,,,Jamie Lee Curtis, Brad Loree, Busta Rhymes, Bianca Kajlich,Debra Hill (characters), John Carpenter (characters), Larry Brand (story), Larry Brand (screenplay), Sean Hood (screenplay)
Van Helsing,Stephen Sommers,,384,6.1,PG-13,131,07 May 2004,Action, Adventure, Fantasy,,,,Hugh Jackman, Kate Beckinsale, Richard Roxburgh, David Wenham,Stephen Sommers
Urban Legend,Jamie Blanks,,385,5.5,R,99 ,25 Sep 1998,Horror, Mystery,,,,,Jared Leto, Alicia Witt, Rebecca Gayheart, Michael Rosenbaum,Silvio Horta
Wishmaster,Robert Kurtzman,,386,5.8,R,90 ,19 Sep 1997,Fantasy, Horror,,,,,Tammy Lauren, Andrew Divoff, Robert Englund, Chris Lemmon,Peter Atkins
The Cat in the Hat,Bo Welch,,387,3.9,PG,82 ,21 Nov 2003,Adventure, Comedy, Family, Fantasy,,,Mike Myers, Alec Baldwin, Kelly Preston, Dakota Fanning,Dr. Seuss (book), Alec Berg (screenplay), David Mandel (screenplay), Jeff Schaffer (screenplay)
How the Grinch Stole Christmas,Ron Howard,,388,6.1,PG,104,17 Nov 2000,Comedy, Family, Fantasy,,,,Jim Carrey, Taylor Momsen, Kelley, Jeffrey Tambor,Dr. Seuss (book), Jeffrey Price (screenplay), Peter S. Seaman (screenplay)
The One,James Wong,,389,5.9,PG-13,87 ,02 Nov 2001,Action, Sci-Fi, Thriller,,,,Jet Li, Carla Gugino, Delroy Lindo, Jason Statham,Glen Morgan, James Wong
Robin Hood: Prince of Thieves,Kevin Reynolds,,390,6.9,PG-13,143,14 Jun 1991,Action, Adventure, Drama, Romance,,,Kevin Costner, Morgan Freeman, Mary Elizabeth Mastrantonio, Christian Slater,Pen Densham (story), Pen Densham (screenplay), John Watson (screenplay)
Richie Rich,N/A,,391,5.8,N/A,30 ,01 Sep 1996,Animation, Comedy,,,,,Rene Auberjonois, Jeannie Elias, Pat Fraley, Martin Jarvis,N/A
Terminator 2: Judgment Day,James Cameron,,392,8.5,R,137,03 Jul 1991,Action, Sci-Fi,,,,,Arnold Schwarzenegger, Linda Hamilton, Edward Furlong, Robert Patrick,James Cameron, William Wisher
Star Wars: Episode IV - A New Hope,George Lucas,,393,8.6,PG,121,25 May 1977,Action, Adventure, Fantasy, Sci-Fi,,,Mark Hamill, Harrison Ford, Carrie Fisher, Peter Cushing,George Lucas
Back to the Future,Robert Zemeckis,,394,8.5,PG,116,03 Jul 1985,Adventure, Comedy, Sci-Fi,,,,Michael J. Fox, Christopher Lloyd, Lea Thompson, Crispin Glover,Robert Zemeckis, Bob Gale
It's a Wonderful Life,Frank Capra,,395,8.6,PG,130,07 Jan 1947,Drama, Family, Fantasy,,,,James Stewart, Donna Reed, Lionel Barrymore, Thomas Mitchell,Frances Goodrich (screenplay), Albert Hackett (screenplay), Frank Capra (screenplay), Jo Swerling (additional scenes), Philip Van Doren Stern (story)
