Title,Director,Director2,Episode,IMDb,Rating,Runtime,Release Date,Genre,Genre3,Genre4,Genre5,Genre6,Genre7,Actor,Actor8,Actor9,Actor10,Writer,Writer11,Writer12,Writer13,,,,,
Number One with a Bullet,Jack Smight,,2,4.9,R,103,1987-02-27,Action, Crime, Thriller,,,,Robert Carradine, Billy Dee Williams, Valerie Bertinelli, Peter Graves,Gail Morgan Hickman story, Gail Morgan Hickman screenplay, Andrew Kurtzman screenplay, Rob Riley screenplay,,,,,
The Pack,Nick Robertson,,3,5,NOT RATED,90,2016-02-05,Horror, Thriller,,,,,Jack Campbell, Anna Lise Phillips, Katie Moore, Hamish Phillips,Evan Randall Green,,,,,,,,
Congo,Frank Marshall,,4,5.1,PG-13,109,1995-06-09,Action, Adventure, Mystery, Sci-Fi,,,Laura Linney, Dylan Walsh, Ernie Hudson, Tim Curry,Michael Crichton novel, John Patrick Shanley screenplay,,,,,,,
Psychomania: The Best of Psychedelic Rock,N/A,,5,N/A,N/A,N/A,1993-09-26,Music,,,,,,N/A,N/A,,,,,,,,,,,
The Hand That Rocks the Cradle,Curtis Hanson,,6,6.6,R,110,1992-01-10,Drama, Thriller,,,,,Annabella Sciorra, Rebecca De Mornay, Matt McCoy, Ernie Hudson,Amanda Silver,,,,,,,,
K-9,Rod Daniel,,7,6,PG-13,101,1989-04-28,Action, Comedy, Crime,,,,Jim Belushi, Mel Harris, Kevin Tighe, Ed O'Neill,Steven Siegel, Scott Myers,,,,,,,
The Wrong Guys,Danny Bilson,,8,5,PG,86,1988-05-13,Comedy,,,,,,Louie Anderson, Richard Lewis, Richard Belzer, Franklyn Ajaye,Paul De Meo, Danny Bilson,,,,,,,
Dead Heat,Mark Goldblatt,,9,6,R,86,1988-05-06,Action, Comedy, Horror, Sci-Fi, Thriller,,Treat Williams, Joe Piscopo, Lindsay Frost, Darren McGavin,Terry Black,,,,,,,,
Evilspeak,Eric Weston,,10,5.7,R,97,1982-02-26,Drama, Horror,,,,,Clint Howard, R.G. Armstrong, Joe Cortese, Claude Earl Jones,Joseph Garofalo screenplay, Eric Weston screenplay, Joseph Garofalo story,,,,,,
Gone Fishin',Christopher Cain,,11,4.7,PG,94,1997-05-30,Comedy, Crime,,,,,Joe Pesci, Danny Glover, Rosanna Arquette, Lynn Whitfield,Jill Mazursky, J.J. Abrams,,,,,,,
The Net,Irwin Winkler,,12,5.9,PG-13,114,1995-07-28,Action, Crime, Drama, Mystery, Thriller,,Sandra Bullock, Jeremy Northam, Dennis Miller, Diane Baker,John Brancato, Michael Ferris,,,,,,,
Superman III,Richard Lester,,13,4.9,PG,125,1983-06-17,Action, Comedy, Sci-Fi,,,,Christopher Reeve, Richard Pryor, Jackie Cooper, Marc McClure,Jerry Siegel character created by: Superman, Joe Shuster character created by: Superman, David Newman screenplay by, Leslie Newman screenplay by,,,,,
Superman III,Richard Lester,,14,4.9,PG,125,1983-06-17,Action, Comedy, Sci-Fi,,,,Christopher Reeve, Richard Pryor, Jackie Cooper, Marc McClure,Jerry Siegel character created by: Superman, Joe Shuster character created by: Superman, David Newman screenplay by, Leslie Newman screenplay by,,,,,
Boys and Girls,Robert Iscove,,15,5.4,PG-13,94,2000-06-16,Comedy, Drama, Romance,,,,Brendon Ryan Barrett, Gay Thomas Wilson, Raquel Beaudene, Claire Forlani,Andrew Lowery, Andrew Miller,,,,,,,
Fuzz,Richard A. Colla,,16,5.5,PG,92,1972-11-03,Action, Comedy, Crime,,,,Burt Reynolds, Jack Weston, Tom Skerritt, Raquel Welch,Evan Hunter novel, Evan Hunter screenplay,,,,,,,
Deep Impact,Mimi Leder,,17,6.2,PG-13,120,1998-05-08,Action, Drama, Romance, Sci-Fi, Thriller,,Robert Duvall, Téa Leoni, Elijah Wood, Vanessa Redgrave,Bruce Joel Rubin, Michael Tolkin,,,,,,,
Captain America,Albert Pyun,,18,3.3,PG-13,97,1990-12-14,Action, Adventure, Sci-Fi,,,,Matt Salinger, Ronny Cox, Ned Beatty, Darren McGavin,Joe Simon characters, Jack Kirby characters, Stephen Tolkin story, Lawrence J. Block story,,,,,
Deadlock,Roland Klick,,20,6.8,N/A,85,1972-07-24,Thriller, Western,,,,,Mario Adorf, Anthony Dawson, Marquard Bohm, Mascha Rabben,Roland Klick,,,,,,,,
The Principal,Christopher Cain,,21,6.3,R,109,1987-09-18,Action, Crime, Drama, Thriller,,,Jim Belushi, Louis Gossett Jr., Rae Dawn Chong, Michael Wright,Frank Deese,,,,,,,,
18 Again!,Paul Flaherty,,22,5.7,PG,93,1988-04-08,Comedy, Fantasy, Romance,,,,George Burns, Charlie Schlatter, Tony Roberts, Anita Morris,Josh Goldstein, Jonathan Prince,,,,,,,
A Shock to the System,Jan Egleson,,23,6.8,R,88,1990-03-23,Comedy, Crime, Thriller,,,,Michael Caine, Elizabeth McGovern, Peter Riegert, Swoosie Kurtz,Simon Brett novel, Andrew Klavan screenplay,,,,,,,
The Ewok Adventure,John Korty,,24,5.5,N/A,96,1984-11-25,Adventure, Family, Fantasy, Sci-Fi,,,Eric Walker, Warwick Davis, Fionnula Flanagan, Guy Boyd,George Lucas story, Bob Carrau teleplay,,,,,,,
Maz Jobrani: I Come in Peace,Maz Jobrani,,25,7.4,TV-14,72,2013-01-26,Documentary, Comedy,,,,,Maz Jobrani,Maz Jobrani,,,,,,,,,,,
Visiting Hours,Jean-Claude Lord,,26,5.6,R,103,1982-05-28,Horror, Thriller,,,,,Michael Ironside, Lee Grant, Linda Purl, William Shatner,Brian Taggert screenplay,,,,,,,,
Wolf,Mike Nichols,,27,6.2,R,125,1994-06-17,Drama, Horror, Romance, Thriller,,,Jack Nicholson, Michelle Pfeiffer, James Spader, Kate Nelligan,Jim Harrison, Wesley Strick,,,,,,,
976-EVIL,Robert Englund,,28,5.1,R,92,1989-03-24,Comedy, Horror,,,,,Stephen Geoffreys, Patrick O'Bryan, Sandy Dennis, Jim Metzler,Brian Helgeland, Rhet Topham,,,,,,,
The Haunting of Hill House,N/A,,29,8.9,N/A,50,2018-10-12,Drama, Horror, Mystery, Thriller,,,Michiel Huisman, Carla Gugino, Henry Thomas, Elizabeth Reaser,Mike Flanagan,,,,,,,,
Babycakes,Paul Schneider,,30,6.8,M,100,1989-02-14,Comedy, Drama, Romance,,,,Ricki Lake, Craig Sheffer, Nada Despotovich, Paul Benedict,Percy Adlon screenplay &quot;Zuckerbaby&quot;, Joyce Eliason teleplay,,,,,,,
Judge Dredd,Danny Cannon,,31,5.5,R,96,1995-06-30,Action, Crime, Sci-Fi, Thriller,,,Sylvester Stallone, Armand Assante, Rob Schneider, Jürgen Prochnow,John Wagner characters, Carlos Ezquerra characters, Michael De Luca story, William Wisher story,,,,,
No Retreat  No Surrender,Corey Yuen,,32,5.7,PG,85,1986-05-02,Action, Comedy, Crime, Drama,,,Kurt McKinney, Jean-Claude Van Damme, J.W. Fails, Kathie Sileno,See-Yuen Ng original story, Corey Yuen original story, Keith W. Strandberg screenplay,,,,,,
Ewoks: The Battle for Endor,Jim Wheat, Ken Wheat,33,5.5,N/A,94,1985-11-24,Adventure, Family, Fantasy, Sci-Fi,,,Wilford Brimley, Warwick Davis, Aubree Miller, Siân Phillips,Ken Wheat screenplay, Jim Wheat screenplay, George Lucas story,,,,,,
Poison Ivy,Katt Shea,,34,5.4,R,90,1992-05-08,Drama, Thriller,,,,,Sara Gilbert, Drew Barrymore, Tom Skerritt, Cheryl Ladd,Melissa Goddard story, Andy Ruben screenplay, Katt Shea screenplay,,,,,,
Pelle the Conqueror,Bille August,,36,7.9,PG-13,157,1988-12-21,Drama,,,,,,Pelle Hvenegaard, Max von Sydow, Erik Paaske, Björn Granath,Martin Andersen Nexř novel, Bille August screenplay, Per Olov Enquist, Bjarne Reuter,,,,,
Jack Frost,Troy Miller,,37,5.3,PG,101,1998-12-11,Comedy, Drama, Family, Fantasy,,,Michael Keaton, Kelly Preston, Joseph Cross, Mark Addy,Mark Steven Johnson story, Mark Steven Johnson screenplay, Steve Bloom screenplay, Jonathan Roberts screenplay,,,,,
Money Train,Joseph Ruben,,38,5.6,R,110,1995-11-22,Action, Comedy, Crime, Drama, Thriller,,Wesley Snipes, Woody Harrelson, Jennifer Lopez, Robert Blake,Doug Richardson story, Doug Richardson screenplay, David Loughery screenplay,,,,,,
The Adventures of Ford Fairlane,Renny Harlin,,39,6.3,R,104,1990-07-11,Action, Adventure, Comedy, Crime, Music, Mystery,Andrew Dice Clay, Wayne Newton, Priscilla Presley, Morris Day,Daniel Waters screenplay, James Cappe screenplay, David Arnott screenplay, James Cappe story,,,,,
Hider in the House,Matthew Patrick,,40,5.9,R,104,1991-08-29,Thriller,,,,,,Gary Busey, Mimi Rogers, Michael McKean, Kurt Christopher Kinder,Lem Dobbs,,,,,,,,
Halloween III: Season of the Witch,Tommy Lee Wallace,,41,4.8,R,98,1982-10-22,Horror, Mystery, Sci-Fi,,,,Tom Atkins, Stacey Nelkin, Dan O'Herlihy, Michael Currie,Tommy Lee Wallace,,,,,,,,
Zandalee,Sam Pillsbury,,42,4.4,R,100,1991-05-09,Drama, Romance, Thriller,,,,Nicolas Cage, Judge Reinhold, Erika Anderson, Joe Pantoliano,Mari Kornhauser,,,,,,,,
Vampire in Brooklyn,Wes Craven,,43,4.5,R,100,1995-10-27,Comedy, Fantasy, Horror, Romance,,,Eddie Murphy, Angela Bassett, Allen Payne, Kadeem Hardison,Eddie Murphy story, Vernon Lynch story, Charlie Murphy story, Charlie Murphy screenplay,,,,,
Deadly Friend,Wes Craven,,45,5.5,R,91,1986-10-10,Drama, Horror, Sci-Fi, Thriller,,,Matthew Labyorteaux, Kristy Swanson, Michael Sharrett, Anne Twomey,Diana Henstell novel, Bruce Joel Rubin screenplay,,,,,,,
Nukie,Sias Odendaal, Michael Pakleppa,46,1.5,PG,95,1987-07-01,Family, Sci-Fi,,,,,Glynis Johns, Steve Railsback, Ronald France, Siphiwe Mlangeni,Ben Taylor screenplay, Sias Odendaal original story,,,,,,,
Cop and a Half: New Recruit,Jonathan A. Rosenbaum,,47,5.6,PG,97,2017-08-10,Action, Adventure, Comedy, Crime, Family, Mystery,Lou Diamond Phillips, Lulu Wilson, Janet Kidder, Michael Coleman,Scott Bindley, Arne Olsen based on stories and characters by, Arne Olsen story by, Adrian Vina,,,,,
Off Beat,Hendrik Hölzemann,,48,7.2,N/A,100,2005-02-03,Drama, Romance,,,,,Matthias Schweighöfer, Jessica Schwarz, Jan-Gregor Kremp, Florian Lukas,Hendrik Hölzemann,,,,,,,,
Hackers,Iain Softley,,49,6.2,PG-13,107,1995-09-15,Comedy, Crime, Drama, Thriller,,,Jonny Lee Miller, Angelina Jolie, Jesse Bradford, Matthew Lillard,Rafael Moreu,,,,,,,,
No Holds Barred,Thomas J. Wright,,50,4.3,PG-13,93,1989-06-02,Action, Sport,,,,,Hulk Hogan, Joan Severance, Kurt Fuller, Tommy 'Tiny' Lister,Dennis Hackin,,,,,,,,
Senseless,Penelope Spheeris,,51,6,R,93,1998-02-20,Comedy, Romance,,,,,Marlon Wayans, Brad Dourif, Esther Scott, Debra Jo Rupp,Greg Erb, Craig Mazin,,,,,,,
Mr. Destiny,James Orr,,52,6.4,PG-13,110,1990-10-12,Comedy, Fantasy, Romance,,,,Jim Belushi, Linda Hamilton, Michael Caine, Jon Lovitz,James Orr, Jim Cruickshank,,,,,,,
Free Enterprise,Robert Meyer Burnett,,53,7,R,113,1999-06-04,Comedy, Romance,,,,,Eric McCormack, Carl Bressler, Ethan Glazer, Phyllis Franklin,Mark A. Altman, Robert Meyer Burnett,,,,,,,
Gymkata,Robert Clouse,,54,4.3,R,90,1985-05-03,Action, Drama,,,,,Kurt Thomas, Tetchie Agbayani, Richard Norton, Edward Bell,Charles Robert Carner screenplay by, Dan Tyler Moore based on the novel &quot;The Terrible Game&quot; by,,,,,,,
Rocky IV,Sylvester Stallone,,55,6.8,PG,91,1985-11-27,Drama, Sport,,,,,Sylvester Stallone, Talia Shire, Burt Young, Carl Weathers,Sylvester Stallone,,,,,,,,
The Glass House,Daniel Sackheim,,57,5.8,PG-13,106,2001-09-14,Crime, Drama, Mystery,,,,Leelee Sobieski, Diane Lane, Stellan Skarsgĺrd, Bruce Dern,Wesley Strick,,,,,,,,
Undercover Blues,Herbert Ross,,58,6,PG-13,90,1993-09-10,Comedy, Crime,,,,,Kathleen Turner, Dennis Quaid, Fiona Shaw, Stanley Tucci,Ian Abrams,,,,,,,,
The New Adventures of Pippi Longstocking,Ken Annakin,,59,5.9,G,100,1988-07-29,Adventure, Family, Fantasy, Musical,,,Tami Erin, David Seaman, Cory Crow, Eileen Brennan,Astrid Lindgren books, Ken Annakin,,,,,,,
The Skulls,Rob Cohen,,60,5.6,PG-13,106,2000-03-31,Action, Crime, Drama, Thriller,,,Joshua Jackson, Paul Walker, Hill Harper, Leslie Bibb,John Pogue,,,,,,,,
Men in Black II,Barry Sonnenfeld,,61,6.1,PG-13,88,2002-07-03,Action, Adventure, Comedy, Mystery, Sci-Fi,,Tommy Lee Jones, Will Smith, Rip Torn, Lara Flynn Boyle,Lowell Cunningham comic book &quot;Malibu Comics&quot;, Robert Gordon story, Robert Gordon screenplay, Barry Fanaro screenplay,,,,,
Cocoon,Ron Howard,,62,6.7,PG-13,117,1985-06-21,Comedy, Drama, Sci-Fi,,,,Don Ameche, Wilford Brimley, Hume Cronyn, Brian Dennehy,Tom Benedek screenplay, David Saperstein story,,,,,,,
Jaws: The Revenge,Joseph Sargent,,63,2.9,PG-13,89,1987-07-17,Adventure, Horror, Thriller,,,,Lorraine Gary, Lance Guest, Mario Van Peebles, Karen Young,Peter Benchley characters, Michael De Guzman,,,,,,,
The Next Karate Kid,Christopher Cain,,64,4.4,PG,107,1994-09-09,Action, Drama, Family, Romance, Sport,,Pat Morita, Hilary Swank, Michael Ironside, Constance Towers,Robert Mark Kamen characters, Mark Lee,,,,,,,
Nine Months,Chris Columbus,,65,5.5,PG-13,103,1995-07-12,Comedy, Romance,,,,,Hugh Grant, Julianne Moore, Tom Arnold, Joan Cusack,Patrick Braoudé film &quot;Neuf mois&quot;, Chris Columbus screenplay,,, Zak Penn screenplay,,,,
Inspector Gadget,David Kellogg,,66,4.1,PG,78,1999-07-23,Action, Adventure, Comedy, Family, Sci-Fi,,Matthew Broderick, Rupert Everett, Joely Fisher, Michelle Trachtenberg,Andy Heyward characters, Jean Chalopin characters, Bruno Bianchi characters, Dana Olsen story,,,,,
Spawn,Mark A.Z. Dippé,,67,5.2,R,96,1997-08-01,Action, Horror,,,,,Michael Jai White, John Leguizamo, Martin Sheen, Theresa Randle,Todd McFarlane comic book, Alan B. McElroy screen story, Mark A.Z. Dippé screen story, Alan B. McElroy screenplay,,,,,
Reign of Fire,Rob Bowman,,68,6.2,PG-13,101,2002-07-12,Action, Adventure, Fantasy, Sci-Fi, Thriller,,Christian Bale, Matthew McConaughey, Izabella Scorupco, Gerard Butler,Gregg Chabot story, Kevin Peterka story, Gregg Chabot screenplay, Kevin Peterka screenplay,,,,,
Twister,Jan de Bont,,69,6.3,PG-13,113,1996-05-10,Action, Adventure, Drama, Thriller,,,Helen Hunt, Bill Paxton, Cary Elwes, Jami Gertz,Michael Crichton, Anne-Marie Martin,,,,,,,
Kill Crazy,David Heavener,,70,5.2,R,94,1990-11-21,Action,,,,,,David Heavener, Rachelle Carson, Steve DeVorkin, Danielle Brisebois,David Heavener,,,,,,,,
Dracula 2000,Patrick Lussier,,72,4.9,R,99,2000-12-22,Action, Fantasy, Horror, Thriller,,,Gerard Butler, Christopher Plummer, Jonny Lee Miller, Justine Waddell,Joel Soisson story, Patrick Lussier story, Joel Soisson screenplay,,,,,,
Invisible Child,Joan Micklin Silver,,74,5,NOT RATED,120,1999-03-08,Drama,,,,,,Rita Wilson, Victor Garber, Tushka Bergen, Mae Whitman,Ronald Bass story, David Field story, David Field teleplay,,,,,,
Perfect Stranger,James Foley,,75,5.7,R,109,2007-04-13,Crime, Drama, Horror, Mystery, Thriller,,Halle Berry, Bruce Willis, Giovanni Ribisi, Richard Portnow,Todd Komarnicki screenplay, Jon Bokenkamp story,,,,,,,
Never Too Young to Die,Gil Bettman,,76,5,R,92,1986-06-13,Action, Adventure, Comedy,,,,John Stamos, Vanity, Gene Simmons, George Lazenby,Steven Paul story, Stuart Paul story, Steven Paul screenplay, Anthony Foutz screenplay,,,,,
Heart Condition,James D. Parriott,,77,5.6,R,100,1990-02-02,Comedy, Crime, Drama, Fantasy,,,Bob Hoskins, Denzel Washington, Chloe Webb, Roger E. Mosley,James D. Parriott,,,,,,,,
Silver Bullet,Daniel Attias,,78,6.4,R,95,1985-10-11,Horror,,,,,,Gary Busey, Everett McGill, Corey Haim, Megan Follows,Stephen King novel, Stephen King screenplay,,,,,,,
Ghost in the Machine,Rachel Talalay,,79,4.4,R,95,1993-12-29,Horror, Sci-Fi, Thriller,,,,Karen Allen, Chris Mulkey, Ted Marcoux, Wil Horneff,William Davies, William Osborne,,,,,,,
New Beginnings: The Making of Friday the 13th Part V - A New Beginning,N/A,,80,8,N/A,11,2009-06-16,Short,,,,,,Michael Felsher, Tiffany Helm, Harry Manfredini, Tom Morga,N/A,,,,,,,,
Bordello of Blood,Gilbert Adler,,81,5.3,R,87,1996-08-16,Comedy, Fantasy, Horror,,,,John Kassir, Dennis Miller, Erika Eleniak, Angie Everhart,William M. Gaines comic books &quot;Tales From the Crypt&quot;, Bob Gale story, Robert Zemeckis story, A L Katz screenplay,,,,,
Bless the Child,Chuck Russell,,82,5.1,R,107,2000-08-11,Crime, Drama, Horror,,,,Kim Basinger, Jimmy Smits, Holliston Coleman, Rufus Sewell,Cathy Cash Spellman novel, Thomas Rickman screenplay, Clifford Green screenplay, Ellen Green screenplay,,,,,
K-911,Charles T. Kanganis,,83,5.7,PG-13,91,1999-12-12,Action, Comedy, Crime,,,,Jim Belushi, Christine Tucci, James Handy, Wade Williams,Steven Siegel characters, Scott Myers characters, Gary Scott Thompson,,,,,,
Die Another Day,Lee Tamahori,,84,6.1,PG-13,133,2002-11-22,Action, Adventure, Thriller,,,,Pierce Brosnan, Halle Berry, Toby Stephens, Rosamund Pike,Ian Fleming characters, Neal Purvis, Robert Wade,,,,,,
Madhouse,William Butler,,85,5.6,R,91,2004-07-30,Horror, Thriller,,,,,Joshua Leonard, Jordan Ladd, Natasha Lyonne, Lance Henriksen,William Butler story and screenplay, Aaron Strongoni story,,,,,,,
Star Trek: Insurrection,Jonathan Frakes,,86,6.4,PG,103,1998-12-11,Action, Adventure, Sci-Fi, Thriller,,,Patrick Stewart, Jonathan Frakes, Brent Spiner, LeVar Burton,Gene Roddenberry creator: &quot;Star Trek&quot;, Rick Berman story, Michael Piller story, Michael Piller screenplay,,,,,
Indiana Jones and the Kingdom of the Crystal Skull,Steven Spielberg,,87,6.2,PG-13,122,2008-05-22,Action, Adventure, Fantasy,,,,Harrison Ford, Cate Blanchett, Karen Allen, Shia LaBeouf,David Koepp screenplay, George Lucas story, Jeff Nathanson story, George Lucas characters,,,,,
Eight Crazy Nights,Seth Kearsley,,88,5.3,PG-13,76,2002-11-27,Animation, Comedy, Musical,,,,Adam Sandler, Jackie Sandler, Austin Stout, Kevin Nealon,Brooks Arthur, Allen Covert, Brad Isaacs, Adam Sandler,,,,,
The Rapture,Michael Tolkin,,89,6.4,R,100,1991-10-04,Drama, Mystery,,,,,Mimi Rogers, Darwyn Carson, Patrick Bauchau, Marvin Elkins,Michael Tolkin,,,,,,,,
One Magic Christmas,Phillip Borsos,,90,6.6,G,89,1985-11-22,Family, Fantasy,,,,,Mary Steenburgen, Gary Basaraba, Harry Dean Stanton, Arthur Hill,Thomas Meehan story, Phillip Borsos story, Barry Healey story, Thomas Meehan,,,,,
Step Up Revolution,Scott Speer,,91,6.5,PG-13,99,2012-07-27,Drama, Music, Romance,,,,Cleopatra Coleman, Ryan Guzman, Misha Gabriel Hamilton, Michael 'Xeno' Langebeck,Amanda Brody, Duane Adler characters,,,,,,,
The Raven,James McTeigue,,92,6.4,R,110,2012-04-27,Crime, Mystery, Thriller,,,,John Cusack, Luke Evans, Alice Eve, Brendan Gleeson,Hannah Shakespeare, Ben Livingston,,,,,,,
Alex Cross,Rob Cohen,,93,5.1,PG-13,101,2012-10-19,Action, Crime, Mystery, Thriller,,,Tyler Perry, Edward Burns, Matthew Fox, Jean Reno,Marc Moss screenplay, Kerry Williamson screenplay, James Patterson based on the novel &quot;Cross&quot; by,,,,,,
Tooth Fairy 2,Alex Zamm,,94,3.9,PG,90,2012-03-06,Comedy, Family,,,,,Larry the Cable Guy, David Mackey, Erin Beute, John Connon,Ben Zazove,,,,,,,,
This Means War,McG,,95,6.3,PG-13,103,2012-02-17,Action, Comedy, Romance,,,,Reese Witherspoon, Chris Pine, Tom Hardy, Til Schweiger,Timothy Dowling screenplay, Simon Kinberg screenplay, Timothy Dowling story, Marcus Gautesen story,,,,,
On Deadly Ground,Steven Seagal,,96,4.5,R,101,1994-02-18,Action, Adventure, Thriller,,,,Steven Seagal, Michael Caine, Joan Chen, John C. McGinley,Ed Horowitz, Robin U. Russin,,,,,,,
Tuff Turf,Fritz Kiersch,,97,6.2,R,112,1985-01-11,Action, Drama,,,,,James Spader, Kim Richards, Paul Mones, Matt Clark,Jette Rinck screenplay, Greg Collins O'Neill story, Murray Michaels story,,,,,,
Aspen Extreme,Patrick Hasburgh,,98,5.9,PG-13,113,1993-01-22,Drama, Romance, Sport,,,,Paul Gross, Peter Berg, Finola Hughes, Teri Polo,Patrick Hasburgh,,,,,,,,
Freejack,Geoff Murphy,,99,5.3,R,110,1992-01-17,Action, Crime, Sci-Fi, Thriller,,,Emilio Estevez, Mick Jagger, Rene Russo, Anthony Hopkins,Robert Sheckley novel, Steven Pressfield screen story, Ronald Shusett screen story, Steven Pressfield screenplay,,,,,
Taking Care of Business,Arthur Hiller,,100,6.4,R,108,1990-08-17,Comedy,,,,,,Jim Belushi, Charles Grodin, Anne De Salvo, Loryn Locklin,Jill Mazursky, J.J. Abrams,,,,,,,
The Pallbearer,Matt Reeves,,101,4.9,PG-13,98,1996-05-03,Comedy, Romance,,,,,David Schwimmer, Gwyneth Paltrow, Michael Rapaport, Toni Collette,Jason Katims, Matt Reeves,,,,,,,
Batman Forever,Joel Schumacher,,102,5.4,PG-13,121,1995-06-16,Action, Adventure, Fantasy,,,,Val Kilmer, Tommy Lee Jones, Jim Carrey, Nicole Kidman,Bob Kane characters, Lee Batchler story, Janet Scott Batchler story, Lee Batchler screenplay,,,,,
Cat People,Paul Schrader,,104,6.1,R,118,1982-04-02,Fantasy, Horror, Thriller,,,,Nastassja Kinski, Malcolm McDowell, John Heard, Annette O'Toole,DeWitt Bodeen story, Alan Ormsby screenplay,,,,,,,
Addicted to Love,Griffin Dunne,,105,6.1,R,100,1997-05-23,Comedy, Romance,,,,,Meg Ryan, Matthew Broderick, Kelly Preston, Tchéky Karyo,Robert Gordon,,,,,,,,
Virtuosity,Brett Leonard,,106,5.6,R,106,1995-08-04,Action, Crime, Sci-Fi, Thriller,,,Denzel Washington, Kelly Lynch, Russell Crowe, Stephen Spinella,Eric Bernt,,,,,,,,
Walking Tall,Phil Karlson,,107,7,R,125,1973-02-22,Action, Crime, Drama,,,,Joe Don Baker, Elizabeth Hartman, Leif Garrett, Dawn Lyn,Mort Briskin, Stephen Downing,,,,,,,
The Mating Habits of the Earthbound Human,Jeff Abugov,,108,6.4,R,88,1999-09-03,Comedy, Sci-Fi,,,,,David Hyde Pierce, Mackenzie Astin, Carmen Electra, Markus Redmond,Jeff Abugov,,,,,,,,
The Boondock Saints II: All Saints Day,Troy Duffy,,109,6.3,R,118,2009-12-11,Action, Crime, Thriller,,,,Sean Patrick Flanery, Norman Reedus, Billy Connolly, Clifton Collins Jr.,Troy Duffy screenplay, Troy Duffy story, Taylor Duffy story,, Lawrence Kasanoff screenplay,,,,
Foodfight!,Lawrence Kasanoff,,110,1.8,PG,91,2013-02-12,Animation, Action, Comedy, Family, Fantasy, Mystery, Sci-Fi,Charlie Sheen, Hilary Duff, Eva Longoria, Wayne Brady,Lawrence Kasanoff story, Joshua Wexler story, Brent V. Friedman screenplay,,,,,
Houseguest,Randall Miller,,111,6,PG,113,1995-01-06,Comedy,,,,,,Sinbad, Phil Hartman, Kim Greist, Kim Murphy,Michael J. Di Gaetano, Lawrence Gay,,,,,,,
Maniac Cop 3: Badge of Silence,William Lustig,,112,4.9,R,85,1993-07-07,Action, Horror,,,,,Robert Davi, Robert Z'Dar, Caitlin Dulany, Gretchen Becker,Larry Cohen characters, Larry Cohen,,,,,,,
Godzilla,Gareth Edwards,,113,6.4,PG-13,123,2014-05-16,Action, Adventure, Sci-Fi, Thriller,,,Aaron Taylor-Johnson, CJ Adams, Ken Watanabe, Bryan Cranston,Max Borenstein screenplay, Dave Callaham story, Ishirô Honda based on the character created by, Takeo Murata based on the character created by,,,,,
Steel,Kenneth Johnson,,114,2.8,PG-13,97,1997-08-15,Action, Crime, Sci-Fi,,,,Shaquille O'Neal, Annabeth Gish, Judd Nelson, Richard Roundtree,Louise Simonson comic book series, Jon Bogdanove comic book series, Kenneth Johnson,,,,,,
Bad Boys II,Michael Bay,,115,6.6,R,147,2003-07-18,Action, Comedy, Crime, Drama, Thriller,,Martin Lawrence, Will Smith, Jordi Mollŕ, Gabrielle Union,George Gallo characters, Marianne Wibberley story, Cormac Wibberley story, Ron Shelton story,,,,,
S.W.A.T.,Clark Johnson,,117,6,PG-13,117,2003-08-08,Action, Adventure, Crime, Thriller,,,Samuel L. Jackson, Colin Farrell, Michelle Rodriguez, LL Cool J,Robert Hamner characters, Ron Mita story, Jim McClain story, David Ayer screenplay,,,,,
The Running Man,Paul Michael Glaser,,118,6.7,R,101,1987-11-13,Action, Sci-Fi, Thriller,,,,Arnold Schwarzenegger, Maria Conchita Alonso, Yaphet Kotto, Jim Brown,Stephen King novel, Steven E. de Souza screenplay,,,,,,,
Volcano,Mick Jackson,,119,5.5,PG-13,104,1997-04-25,Action, Drama, Sci-Fi, Thriller,,,Tommy Lee Jones, Anne Heche, Gaby Hoffmann, Don Cheadle,Jerome Armstrong story, Jerome Armstrong screenplay, Billy Ray screenplay,,,,,,
She's All That,Robert Iscove,,120,5.9,PG-13,95,1999-01-29,Comedy, Romance,,,,,Freddie Prinze Jr., Rachael Leigh Cook, Matthew Lillard, Paul Walker,R. Lee Fleming Jr.,,,,,,,,
Grown Ups 2,Dennis Dugan,,121,5.4,PG-13,101,2013-07-12,Comedy,,,,,,Adam Sandler, Kevin James, Chris Rock, David Spade,Fred Wolf, Adam Sandler, Tim Herlihy, Adam Sandler based on characters created by,,,,,
Only the Strong,Sheldon Lettich,,122,6.7,PG-13,99,1993-08-27,Action, Drama,,,,,Mark Dacascos, Stacey Travis, Geoffrey Lewis, Paco Christian Prieto,Sheldon Lettich, Luis Esteban,,,,,,,
Cliffhanger,Renny Harlin,,123,6.4,R,113,1993-05-28,Action, Adventure, Thriller,,,,Sylvester Stallone, John Lithgow, Michael Rooker, Janine Turner,John Long premise, Michael France screen story, Michael France screenplay, Sylvester Stallone screenplay,,,,,
New Nightmare,Wes Craven,,124,6.5,R,112,1994-10-14,Fantasy, Horror, Mystery, Thriller,,,Jeff Davis, Heather Langenkamp, Miko Hughes, Matt Winston,Wes Craven characters, Wes Craven,,,,,,,
Body Parts,Eric Red,,125,5.5,R,88,1991-08-02,Horror, Thriller,,,,,Jeff Fahey, Lindsay Duncan, Kim Delaney, Zakes Mokae,Pierre Boileau novel, Thomas Narcejac novel, Patricia Herskovic screen story, Joyce Taylor screen story,,,,,
Cat's Eye,Lewis Teague,,126,6.3,PG-13,94,1985-04-12,Comedy, Horror, Thriller,,,,Drew Barrymore, James Woods, Alan King, Kenneth McMillan,Stephen King screenplay,,,,,,,,
Chopping Mall,Jim Wynorski,,127,5.6,R,77,1986-03-21,Comedy, Horror, Sci-Fi,,,,Kelli Maroney, Tony O'Dell, Russell Todd, Karrie Emerson,Jim Wynorski, Steve Mitchell,,,,,,,
Casper,Brad Silberling,,128,6.1,PG,100,1995-05-26,Comedy, Family, Fantasy,,,,Chauncey Leopardi, Spencer Vrooman, Malachi Pearson, Cathy Moriarty,Joseph Oriolo characters, Sherri Stoner, Deanna Oliver,,,,,,
Scream 3,Wes Craven,,129,5.6,R,116,2000-02-04,Horror, Mystery,,,,,Liev Schreiber, Beth Toussaint, Roger Jackson, Kelly Rutherford,Kevin Williamson characters, Ehren Kruger,,,,,,,
Stay Tuned,Peter Hyams,,130,6.1,PG,88,1992-08-14,Adventure, Comedy, Fantasy,,,,John Ritter, Pam Dawber, Jeffrey Jones, David Tom,Tom S. Parker screenplay, Jim Jennewein screenplay, Tom S. Parker story, Jim Jennewein story,,,,,
Deep Blue Sea,Renny Harlin,,131,5.8,R,105,1999-07-28,Action, Sci-Fi, Thriller,,,,Thomas Jane, Saffron Burrows, Samuel L. Jackson, Jacqueline McKenzie,Duncan Kennedy, Donna Powers, Wayne Powers,,,,,,
China O'Brien,Robert Clouse,,132,5.1,R,86,1992-01-10,Action,,,,,,Cynthia Rothrock, Richard Norton, Keith Cooke, Doug Wright,Robert Clouse screenplay, Sandra Weintraub story,,,,,,,
Copycat,Jon Amiel,,133,6.6,R,123,1995-10-27,Drama, Mystery, Thriller,,,,Sigourney Weaver, Holly Hunter, Dermot Mulroney, William McNamara,Ann Biderman, David Madsen,,,,,,,
Date with an Angel,Tom McLoughlin,,134,5.8,PG,105,1987-11-20,Comedy, Fantasy, Romance,,,,Michael E. Knight, Phoebe Cates, Emmanuelle Béart, David Dukes,Tom McLoughlin,,,,,,,,
Ghostbusters II,Ivan Reitman,,135,6.5,PG,108,1989-06-16,Action, Comedy, Fantasy, Sci-Fi,,,Bill Murray, Dan Aykroyd, Sigourney Weaver, Harold Ramis,Dan Aykroyd characters, Harold Ramis characters, Harold Ramis, Dan Aykroyd,,,,,
The Good Son,Joseph Ruben,,136,6.4,R,87,1993-09-24,Drama, Horror, Thriller,,,,Macaulay Culkin, Elijah Wood, Wendy Crewson, David Morse,Ian McEwan,,,,,,,,
Jingle All the Way,Brian Levant,,137,5.5,PG,89,1996-11-22,Comedy, Family,,,,,Arnold Schwarzenegger, Sinbad, Phil Hartman, Rita Wilson,Randy Kornfield,,,,,,,,
The Core,Jon Amiel,,138,5.5,PG-13,135,2003-03-28,Action, Adventure, Sci-Fi, Thriller,,,Christopher Shyer, Ray Galletti, Eileen Pedde, Rekha Sharma,Cooper Layne, John Rogers,,,,,,,
After Earth,M. Night Shyamalan,,139,4.8,PG-13,100,2013-05-31,Action, Adventure, Sci-Fi,,,,Jaden Smith, Will Smith, Sophie Okonedo, Zoë Kravitz,Gary Whitta screenplay, M. Night Shyamalan screenplay, Will Smith story,,,,,,
Getaway,Courtney Solomon,,141,4.4,PG-13,90,2013-08-30,Action, Crime, Thriller,,,,Ethan Hawke, Selena Gomez, Jon Voight, Rebecca Budig,Sean Finegan, Gregg Maxwell Parker,,,,,,,
A Good Day to Die Hard,John Moore,,142,5.3,R,98,2013-02-14,Action, Thriller,,,,,Bruce Willis, Jai Courtney, Sebastian Koch, Mary Elizabeth Winstead,Skip Woods, Roderick Thorp certain original characters by,,,,,,,
Pray for Death,Gordon Hessler,,143,5.8,R,92,1985-11-01,Action, Crime, Drama,,,,Shô Kosugi, James Booth, Donna Kei Benz, Norman Burton,James Booth,,,,,,,,
Masters of the Universe,Gary Goddard,,144,5.4,PG,106,1987-08-07,Action, Adventure, Fantasy, Sci-Fi, Thriller,,Dolph Lundgren, Frank Langella, Meg Foster, Billy Barty,David Odell,,,,,,,,
Hard Target,John Woo,,145,6.1,R,97,1993-08-20,Action, Thriller,,,,,Chuck Pfarrer, Robert Apisa, Arnold Vosloo, Lance Henriksen,Chuck Pfarrer,,,,,,,,
Mrs. Doubtfire,Chris Columbus,,146,7,PG-13,125,1993-11-24,Comedy, Drama, Family,,,,Robin Williams, Sally Field, Pierce Brosnan, Harvey Fierstein,Anne Fine novel, Randi Mayem Singer screenplay, Leslie Dixon screenplay,,,,,,
Blame It on Rio,Stanley Donen,,147,5.7,R,100,1984-02-17,Comedy, Romance,,,,,Michael Caine, Joseph Bologna, Valerie Harper, Michelle Johnson,Charlie Peters screenplay, Larry Gelbart screenplay,,,,,,,
Canvas,Joseph Greco,,148,6.7,PG-13,101,2008-12-12,Drama,,,,,,Griffin Miner, Marcia Gay Harden, Devon Gearhart, Julie Upton,Joseph Greco,,,,,,,,
Dreamcatcher,Lawrence Kasdan,,149,5.5,R,134,2003-03-21,Drama, Horror, Sci-Fi, Thriller,,,Morgan Freeman, Thomas Jane, Jason Lee, Damian Lewis,Stephen King novel, William Goldman screenplay, Lawrence Kasdan screenplay,,,,,,
My Science Project,Jonathan R. Betuel,,150,6,PG,94,1985-08-09,Action, Adventure, Comedy, Sci-Fi,,,John Stockwell, Danielle von Zerneck, Fisher Stevens, Raphael Sbarge,Jonathan R. Betuel,,,,,,,,
North,Rob Reiner,,151,4.4,PG,87,1994-07-22,Adventure, Comedy, Drama, Family, Fantasy,,Elijah Wood, Jason Alexander, Julia Louis-Dreyfus, Marc Shaiman,Alan Zweibel novel, Alan Zweibel screenplay, Andrew Scheinman screenplay,,,,,,
Joysticks,Greydon Clark,,152,4.2,R,88,1983-03-04,Comedy,,,,,,Joe Don Baker, Leif Green, Jim Greenleaf, Scott McGinnis,Al Gomez, Mickey Epps, Curtis Burch,,,,,,
The Karate Kid Part III,John G. Avildsen,,153,5.1,PG,112,1989-06-30,Action, Drama, Family, Sport,,,Ralph Macchio, Pat Morita, Robyn Lively, Thomas Ian Griffith,Robert Mark Kamen characters, Robert Mark Kamen,,,,,,,
Hail  Caesar!,Ethan Coen, Joel Coen,154,6.3,PG-13,106,2016-02-05,Comedy, Mystery,,,,,Josh Brolin, George Clooney, Alden Ehrenreich, Ralph Fiennes,Joel Coen, Ethan Coen,,,,,,,
Every Which Way But Loose,James Fargo,,155,6.3,PG,114,1978-12-20,Action, Comedy,,,,,Clint Eastwood, Sondra Locke, Geoffrey Lewis, Beverly D'Angelo,Jeremy Joe Kronsberg,,,,,,,,
The Butterfly Effect,Eric Bress, J. Mackye Gruber,156,7.7,R,113,2004-01-23,Drama, Sci-Fi, Thriller,,,,Ashton Kutcher, Melora Walters, Amy Smart, Elden Henson,J. Mackye Gruber, Eric Bress,,,,,,,
Abraxas  Guardian of the Universe,Damian Lee,,157,2.7,R,90,1991-03-01,Action, Sci-Fi,,,,,Jesse Ventura, Sven-Ole Thorsen, Damian Lee, Jerry Levitan,Damian Lee,,,,,,,,
Hot Dog... The Movie,Peter Markle,,158,4.8,R,96,1984-01-13,Comedy, Romance, Sport,,,,David Naughton, Patrick Houser, Tracy Smith, John Patrick Reger,Mike Marvin,,,,,,,,
Hamburger: The Motion Picture,Mike Marvin,,159,4.9,R,90,1986-01-01,Comedy,,,,,,Leigh McCloskey, Dick Butkus, Randi Brooks, Chuck McCann,Donald Ross,,,,,,,,
Mystery Men,Kinka Usher,,160,6.1,PG-13,121,1999-08-06,Action, Comedy, Fantasy, Sci-Fi,,,Hank Azaria, Janeane Garofalo, William H. Macy, Kel Mitchell,Neil Cuthbert, Bob Burden comic book series,,,,,,,
Mortal Kombat,Paul W.S. Anderson,,161,5.8,PG-13,101,1995-08-18,Action, Adventure, Fantasy, Sci-Fi, Thriller,,Christopher Lambert, Robin Shou, Linden Ashby, Cary-Hiroyuki Tagawa,Ed Boon video games, John Tobias video games, Kevin Droney,,,,,,
Swordfish,Dominic Sena,,162,6.5,R,99,2001-06-08,Action, Crime, Thriller,,,,John Travolta, Hugh Jackman, Halle Berry, Don Cheadle,Skip Woods,,,, John Rogers screenplay,,,,
Catwoman,Pitof,,163,3.3,PG-13,104,2004-07-23,Action, Crime, Fantasy,,,,Halle Berry, Benjamin Bratt, Sharon Stone, Lambert Wilson,Bob Kane characters, Theresa Rebeck story, John Brancato story, Michael Ferris story,,,,,
Stroker Ace,Hal Needham,,164,4.8,PG,96,1983-07-01,Action, Comedy, Romance, Sport,,,Burt Reynolds, Ned Beatty, Jim Nabors, Parker Stevenson,William Neely novel, Robert K. Ottum novel, Hugh Wilson screenplay, Hal Needham screenplay,,,,,
Rise of the Planet of the Apes,Rupert Wyatt,,165,7.6,PG-13,105,2011-08-05,Action, Drama, Sci-Fi, Thriller,,,Andy Serkis, Karin Konoval, Terry Notary, Richard Ridings,Rick Jaffa, Amanda Silver,,,,,,,
The Day After Tomorrow,Roland Emmerich,,166,6.4,PG-13,124,2004-05-28,Action, Adventure, Sci-Fi, Thriller,,,Dennis Quaid, Jake Gyllenhaal, Emmy Rossum, Dash Mihok,Roland Emmerich story, Roland Emmerich screenplay, Jeffrey Nachmanoff screenplay,,,,,,
Under Siege 2: Dark Territory,Geoff Murphy,,167,5.4,R,100,1995-07-14,Action, Thriller,,,,,Steven Seagal, Eric Bogosian, Everett McGill, Katherine Heigl,Richard Hatem, Matt Reeves, J.F. Lawton characters,,,,,,
The Substitute,Robert Mandel,,169,5.9,R,114,1996-04-19,Action, Crime, Drama, Thriller,,,Tom Berenger, Raymond Cruz, William Forsythe, Luis Guzmán,Roy Frumkes, Rocco Simonelli, Alan Ormsby,,,,,,
Timecop,Peter Hyams,,170,5.8,R,99,1994-09-16,Action, Crime, Sci-Fi, Thriller,,,Jean-Claude Van Damme, Mia Sara, Ron Silver, Bruce McGill,Mark Verheiden screenplay, Mike Richardson story, Mark Verheiden story, Mike Richardson comic series,,,,,
Secret Window,David Koepp,,171,6.6,PG-13,96,2004-03-12,Drama, Mystery, Thriller,,,,Johnny Depp, John Turturro, Maria Bello, Timothy Hutton,Stephen King novel, David Koepp screenplay,,,,,,,
Double Dragon,James Yukich,,172,3.7,PG-13,96,1994-11-04,Action, Adventure, Comedy, Sci-Fi,,,Robert Patrick, Mark Dacascos, Scott Wolf, Kristina Wagner,Paul Dini story, Neal Shusterman story, Michael Davis screenplay, Peter Gould screenplay,,,,,
Jason Goes to Hell: The Final Friday,Adam Marcus,,174,4.3,R,87,1993-08-13,Fantasy, Horror, Thriller,,,,John D. LeMay, Kari Keegan, Kane Hodder, Steven Williams,Jay Huguely story, Adam Marcus story, Dean Lorey screenplay, Jay Huguely screenplay,,,,,
I Still Know What You Did Last Summer,Danny Cannon,,175,4.6,R,100,1998-11-13,Horror, Mystery,,,,,Jennifer Love Hewitt, Freddie Prinze Jr., Brandy Norwood, Mekhi Phifer,Lois Duncan characters, Trey Callaway,,,,,,,
Child's Play 3,Jack Bender,,176,5.1,R,90,1991-08-30,Horror, Thriller,,,,,Justin Whalin, Perrey Reeves, Jeremy Sylvers, Travis Fine,Don Mancini characters, Don Mancini,,,,,,,
Wild in the Streets,Barry Shear,,177,6,R,97,1968-05-29,Comedy, Drama, Music,,,,Shelley Winters, Christopher Jones, Diane Varsi, Hal Holbrook,Robert Thom,,,,,,,,
Johnny Mnemonic,Robert Longo,,178,5.6,R,96,1995-05-26,Action, Crime, Sci-Fi, Thriller,,,Keanu Reeves, Dina Meyer, Ice-T, Takeshi Kitano,William Gibson screenplay, William Gibson short story,,,,,,,
The Hand That Rocks the Cradle,Curtis Hanson,,179,6.6,R,110,1992-01-10,Drama, Thriller,,,,,Annabella Sciorra, Rebecca De Mornay, Matt McCoy, Ernie Hudson,Amanda Silver,,,,,,,,
Buried Alive,Frank Darabont,,180,6.6,PG-13,93,1990-05-09,Horror, Romance, Thriller,,,,Tim Matheson, Jennifer Jason Leigh, William Atherton, Hoyt Axton,David A. Davies story, Mark Patrick Carducci teleplay,,,,,,,
Three Men and a Baby Grand,N/A,,181,5.4,N/A,30,N/A,Comedy,,,,,,Jonathan Biggins, Drew Forsythe, Phillip Scott,N/A,,,,,,,,,
Jingle All the Way 2,Alex Zamm,,182,3.9,PG,93,2014-12-02,Comedy, Family,,,,,Larry the Cable Guy, Brian Stepanek, Anthony Carelli, Kennedi Clements,Randy Kornfield based on &quot;Jingle All the Way&quot; written by, Stephen Mazur,,,,,,,
Super Mario Bros.,Annabel Jankel, Rocky Morton,183,4,PG,104,1993-05-28,Adventure, Comedy, Family, Fantasy, Sci-Fi,,Bob Hoskins, John Leguizamo, Dennis Hopper, Samantha Mathis,Parker Bennett, Terry Runte, Ed Solomon,,,,,,
Look Who's Talking Now,Tom Ropelewski,,184,4.3,PG-13,96,1993-11-05,Comedy, Family, Romance,,,,John Travolta, Kirstie Alley, David Gallagher, Tabitha Lupien,Tom Ropelewski, Leslie Dixon, Amy Heckerling characters,,,,,,
I  Frankenstein,Stuart Beattie,,185,5.1,PG-13,92,2014-01-24,Action, Fantasy, Horror, Sci-Fi, Thriller,,Aaron Eckhart, Yvonne Strahovski, Miranda Otto, Bill Nighy,Stuart Beattie screenplay, Kevin Grevioux screen story, Stuart Beattie screen story, Kevin Grevioux Darkstorm Studios graphic novel,,,,,
Winter's Tale,Akiva Goldsman,,186,6.2,PG-13,118,2014-02-14,Drama, Fantasy, Mystery, Romance,,,Colin Farrell, Matt Bomer, Lucy Griffiths, Michael Crane,Akiva Goldsman screenplay, Mark Helprin novel,,,,,,,
Dracula Untold,Gary Shore,,187,6.3,PG-13,92,2014-10-10,Action, Drama, Fantasy, Horror, War,,Luke Evans, Sarah Gadon, Dominic Cooper, Art Parkinson,Matt Sazama screenplay, Burk Sharpless screenplay, Bram Stoker characters,,,,,,
Sabotage,David Ayer,,188,5.7,R,109,2014-03-28,Action, Crime, Drama, Thriller,,,Arnold Schwarzenegger, Sam Worthington, Joe Manganiello, Josh Holloway,Skip Woods, David Ayer,,,,,,,
Taking Lives,D.J. Caruso,,189,6.2,R,103,2004-03-19,Crime, Mystery, Thriller,,,,Angelina Jolie, Ethan Hawke, Kiefer Sutherland, Gena Rowlands,Michael Pye novel, Jon Bokenkamp screen story, Jon Bokenkamp screenplay,,,,,,
Stigmata,Rupert Wainwright,,190,6.2,R,103,1999-09-10,Horror,,,,,,Patricia Arquette, Gabriel Byrne, Jonathan Pryce, Nia Long,Tom Lazarus story, Tom Lazarus screenplay, Rick Ramage screenplay,,,,,,
Seventh Son,Sergei Bodrov,,191,5.5,PG-13,102,2015-02-06,Action, Adventure, Fantasy,,,,Jeff Bridges, Ben Barnes, Julianne Moore, Alicia Vikander,Charles Leavitt screenplay, Steven Knight screenplay, Matt Greenberg screen story, Joseph Delaney novel,,,,,
White Noise,Geoffrey Sax,,192,5.5,PG-13,101,2005-01-07,Drama, Horror, Mystery, Thriller,,,Michael Keaton, Chandra West, Deborah Kara Unger, Ian McNeice,Niall Johnson,,,,,,,,
Teen Wolf Too,Christopher Leitch,,193,3.2,PG,95,1987-11-20,Comedy, Fantasy,,,,,Jason Bateman, Kim Darby, John Astin, Paul Sand,Jeph Loeb characters, Matthew Weisman characters, Jeph Loeb story, Matthew Weisman story,,,,,
Fatal Beauty,Tom Holland,,194,5.4,R,104,1987-10-30,Action, Comedy, Crime, Drama, Thriller,,Whoopi Goldberg, Sam Elliott, Rubén Blades, Harris Yulin,Bill Svanoe story, Hilary Henkin screenplay, Dean Riesner screenplay,,,,,,
Moontrap,Robert Dyke,,195,5,R,92,1989-06-08,Horror, Sci-Fi,,,,,Walter Koenig, Bruce Campbell, Leigh Lombardi, Robert Kurcz,Tex Ragsdale screenplay,,,,,,,,
Twisted,Philip Kaufman,,196,5.3,R,97,2004-02-27,Crime, Drama, Mystery, Thriller,,,Ashley Judd, Samuel L. Jackson, Andy Garcia, David Strathairn,Sarah Thorp,,,,,,,,
Next of Kin,John Irvin,,197,5.8,R,108,1989-10-20,Action, Crime, Thriller,,,,Patrick Swayze, Liam Neeson, Adam Baldwin, Helen Hunt,Michael Jenning,,,,,,,,
The Juror,Brian Gibson,,198,5.6,R,118,1996-02-02,Drama, Thriller,,,,,Demi Moore, Alec Baldwin, Joseph Gordon-Levitt, James Gandolfini,George Dawes Green novel, Ted Tally screenplay,,,,,,,
Red Heat,Walter Hill,,200,6.1,R,104,1988-06-17,Action, Comedy, Crime, Thriller,,,Arnold Schwarzenegger, Jim Belushi, Peter Boyle, Ed O'Ross,Walter Hill story, Harry Kleiner screenplay, Walter Hill screenplay, Troy Kennedy-Martin screenplay,,,,,
Loverboy,Joan Micklin Silver,,201,6,PG-13,98,1989-04-28,Comedy,,,,,,Patrick Dempsey, Kate Jackson, Robert Ginty, Nancy Valen,Robin Schiff story, Robin Schiff screenplay, Tom Ropelewski screenplay, Leslie Dixon screenplay,,,,,
Teen Witch,Dorian Walker,,202,6.2,PG-13,90,1989-04-28,Comedy, Fantasy, Romance,,,,Robyn Lively, Dan Gauthier, Joshua John Miller, Caren Kaye,Robin Menken, Vernon Zimmerman,,,,,,,
House Arrest,Harry Winer,,203,5.8,PG,108,1996-11-27,Comedy, Family,,,,,Kyle Howard, Herbert Russell, Jamie Lee Curtis, Kevin Pollak,Michael Hitchcock,,,,,,,,
Blind Fury,Phillip Noyce,,204,6.3,R,86,1990-03-16,Action, Comedy, Crime, Drama, Thriller,,Rutger Hauer, Terry O'Quinn, Brandon Call, Noble Willingham,Ryôzô Kasahara earlier screenplay, Charles Robert Carner screen story, Charles Robert Carner screenplay,,,,,,
Space Jam,Joe Pytka,,205,6.4,PG,88,1996-11-15,Animation, Adventure, Comedy, Family, Fantasy, Sci-Fi, Sport,Michael Jordan, Wayne Knight, Theresa Randle, Manner Washington,Leo Benvenuti, Steve Rudnick, Timothy Harris,,,,,
The Lost World: Jurassic Park,Steven Spielberg,,206,6.5,PG-13,129,1997-05-23,Action, Adventure, Sci-Fi,,,,Jeff Goldblum, Julianne Moore, Pete Postlethwaite, Arliss Howard,Michael Crichton novel, David Koepp screenplay,,,,,,,
Stealth,Rob Cohen,,207,5,PG-13,121,2005-07-29,Action, Adventure, Sci-Fi, Thriller,,,Josh Lucas, Jessica Biel, Jamie Foxx, Sam Shepard,W.D. Richter,,,,,,,,
Camp Nowhere,Jonathan Prince,,208,6,PG,96,1994-08-26,Adventure, Comedy, Family,,,,John Putch, Peter Scolari, Romy Windsor, Jonathan Jackson,Andrew Kurtzman, Eliot Wald,,,,,,,
Son of the Mask,Lawrence Guterman,,209,2.2,PG,94,2005-02-18,Comedy, Family, Fantasy,,,,Jamie Kennedy, Alan Cumming, Liam Falconer, Ryan Falconer,Lance Khazei,,,, Michael Ferris screenplay,,,,
Terminator 3: Rise of the Machines,Jonathan Mostow,,210,6.3,R,109,2003-07-02,Action, Sci-Fi,,,,,Arnold Schwarzenegger, Nick Stahl, Claire Danes, Kristanna Loken,James Cameron characters, Gale Anne Hurd characters, John Brancato story, Michael Ferris story,,,,,
DragonHeart,Rob Cohen,,211,6.4,PG-13,103,1996-05-31,Action, Adventure, Fantasy,,,,Dennis Quaid, David Thewlis, Pete Postlethwaite, Dina Meyer,Patrick Read Johnson story, Charles Edward Pogue story, Charles Edward Pogue screenplay,,,,,,
The Matrix Revolutions,Lana Wachowski, Lilly Wachowski,212,6.7,R,129,2003-11-05,Action, Sci-Fi,,,,,Mary Alice, Tanveer K. Atwal, Helmut Bakaitis, Kate Beahan,Lilly Wachowski, Lana Wachowski, Lilly Wachowski characters, Lana Wachowski characters,,,,,
The League of Extraordinary Gentlemen,Stephen Norrington,,213,5.8,PG-13,110,2003-07-11,Action, Adventure, Fantasy, Sci-Fi,,,Sean Connery, Naseeruddin Shah, Peta Wilson, Tony Curran,Alan Moore comic books, Kevin O'Neill comic books, James Robinson screenplay,, Marc Guggenheim screen story,,,,
Green Lantern,Martin Campbell,,214,5.5,PG-13,114,2011-06-17,Action, Adventure, Sci-Fi,,,,Ryan Reynolds, Blake Lively, Peter Sarsgaard, Mark Strong,Greg Berlanti screenplay, Michael Green screenplay, Marc Guggenheim screenplay, Michael Goldenberg screenplay,,,,,
Mortal Kombat: Annihilation,John R. Leonetti,,215,3.7,PG-13,95,1997-11-21,Action, Adventure, Fantasy, Sci-Fi, Thriller,,Robin Shou, Talisa Soto, James Remar, Sandra Hess,Ed Boon video games, Lawrence Kasanoff story, Joshua Wexler story, John Tobias story,,,,,
Cyber Seduction: His Secret Life,Tom McLoughlin,,216,3.7,TV-14,87,2005-06-20,Drama,,,,,,Jeremy Sumpter, Lyndsy Fonseca, John Robinson, Jake Scott,Wesley Bishop teleplay, Richard Kletter teleplay, Wesley Bishop story,,,,,,
The Dead Pool,Buddy Van Horn,,217,6.3,R,91,1988-07-13,Action, Crime, Mystery, Thriller,,,Clint Eastwood, Patricia Clarkson, Liam Neeson, Evan C. Kim,Harry Julian Fink characters, Rita M. Fink characters, Steve Sharon story, Durk Pearson story,,,,,
The Devil's Advocate,Taylor Hackford,,218,7.5,R,144,1997-10-17,Drama, Mystery, Thriller,,,,Keanu Reeves, Al Pacino, Charlize Theron, Jeffrey Jones,Andrew Neiderman novel, Jonathan Lemkin screenplay, Tony Gilroy screenplay,,,,,,
Brainscan,John Flynn,,219,6.1,R,96,1994-04-22,Comedy, Horror, Sci-Fi, Thriller,,,Edward Furlong, Frank Langella, T. Ryder Smith, Amy Hargreaves,Brian Owens story, Andrew Kevin Walker screenplay,,,,,,,
Killer Workout,David A. Prior,,220,4.9,R,85,1987-04-16,Horror,,,,,,Marcia Karr, David Campbell, Fritz Matthews, Ted Prior,David A. Prior,,,,,,,,
Freddy vs. Jason,Ronny Yu,,221,5.8,R,97,2003-08-15,Action, Horror,,,,,Robert Englund, Ken Kirzinger, Monica Keena, Jason Ritter,Wes Craven characters, Victor Miller characters, Damian Shannon, Mark Swift,,,,,
Thinner,Tom Holland,,222,5.7,R,93,1996-10-25,Fantasy, Horror,,,,,Robert John Burke, Lucinda Jenney, Bethany Joy Lenz, Time Winters,Stephen King novel, Michael McDowell screenplay, Tom Holland screenplay,,,,,,
Never Say Never Again,Irvin Kershner,,223,6.2,PG,134,1983-10-07,Action, Adventure, Thriller,,,,Sean Connery, Klaus Maria Brandauer, Max von Sydow, Barbara Carrera,Kevin McClory based on an original story by, Jack Whittingham based on an original story by, Ian Fleming based on an original story by, Lorenzo Semple Jr. screenplay,,,,,
Supergirl,N/A,,224,6.5,TV-PG,43,2015-10-26,Action, Adventure, Drama, Sci-Fi,,,Melissa Benoist, Mehcad Brooks, Chyler Leigh, David Harewood,Ali Adler, Greg Berlanti, Andrew Kreisberg,,,,,,
Weekend at Bernie's,Ted Kotcheff,,225,6.4,PG-13,97,1989-07-05,Adventure, Comedy, Crime,,,,Andrew McCarthy, Jonathan Silverman, Catherine Mary Stewart, Terry Kiser,Robert Klane,,,,,,,,
Weekend at Bernie's II,Robert Klane,,226,4.7,PG,97,1993-07-09,Adventure, Comedy, Fantasy,,,,Andrew McCarthy, Jonathan Silverman, Terry Kiser, Troy Byer,Robert Klane characters, Robert Klane,,,,,,,
Care Bears Movie II: A New Generation,Dale Schott,,227,5.4,G,76,1986-03-21,Animation, Adventure, Comedy, Family, Fantasy, Musical,Hadley Kay, Chris Wiggins, Cree Summer, Alyson Court,Peter Sauder,,,,,,,,
Kill Bill: Vol. 1,Quentin Tarantino,,228,8.1,R,111,2003-10-10,Action, Crime, Thriller,,,,Uma Thurman, Lucy Liu, Vivica A. Fox, Daryl Hannah,Quentin Tarantino, Quentin Tarantino character The Bride, Uma Thurman character The Bride,,,,,,
Star Wars: Episode II - Attack of the Clones,George Lucas,,229,6.6,PG,142,2002-05-16,Action, Adventure, Fantasy, Sci-Fi,,,Ewan McGregor, Natalie Portman, Hayden Christensen, Christopher Lee,George Lucas screenplay by, Jonathan Hales screenplay by, George Lucas story by,,,,,,
Santa Claus: The Movie,Jeannot Szwarc,,230,6.1,PG,107,1985-11-27,Adventure, Family, Fantasy,,,,Dudley Moore, John Lithgow, David Huddleston, Burgess Meredith,David Newman story, Leslie Newman story, David Newman screenplay,,,,,,
Entourage,N/A,,231,8.5,TV-MA,28,2004-07-18,Comedy, Drama,,,,,Kevin Connolly, Adrian Grenier, Kevin Dillon, Jerry Ferrara,Doug Ellin,,,,,,,,
Russell Madness,Robert Vince,,232,4.3,PG,92,2015-05-10,Family,,,,,,Sean Giambrone, David Milchard, Steve Richmond, Jesse Reid,Aaron Brooks screenplay, Kirsten Hansen screenplay, Anna McRoberts screenplay, Anna McRoberts story,,,,,
Pixels,Chris Columbus,,233,5.6,PG-13,105,2015-07-24,Action, Comedy, Sci-Fi,,,,Adam Sandler, Kevin James, Michelle Monaghan, Peter Dinklage,Tim Herlihy screenplay, Timothy Dowling screenplay, Tim Herlihy screen story, Patrick Jean short film,,,,,
The Last Witch Hunter,Breck Eisner,,234,6,PG-13,106,2015-10-23,Action, Adventure, Fantasy,,,,Vin Diesel, Rose Leslie, Elijah Wood, Ólafur Darri Ólafsson,Cory Goodman, Matt Sazama, Burk Sharpless,,,,,,
American Shaolin,Lucas Lowe,,235,5.9,PG-13,106,1992-07-23,Action,,,,,,Reese Madigan, Trent Bushey, Daniel Dae Kim, Billy Chang,Keith W. Strandberg,,,,,,,,
Daredevil,N/A,,236,8.7,TV-MA,54,2015-04-10,Action, Crime, Drama, Fantasy, Sci-Fi, Thriller,Charlie Cox, Deborah Ann Woll, Elden Henson, Vincent D'Onofrio,Drew Goddard,,,,,,,,
The Watcher,Joe Charbanic,,237,5.3,R,97,2000-09-08,Crime, Horror, Mystery,,,,James Spader, Marisa Tomei, Keanu Reeves, Ernie Hudson,Darcy Meyers story, David Elliot story, David Elliot screenplay, Clay Ayers screenplay,,,,,
Olympus Has Fallen,Antoine Fuqua,,238,6.5,R,119,2013-03-22,Action, Thriller,,,,,Gerard Butler, Aaron Eckhart, Finley Jacobsen, Dylan McDermott,Creighton Rothenberger, Katrin Benedikt,,,,,,,
The Shadow,Russell Mulcahy,,239,6,PG-13,108,1994-07-01,Action, Adventure, Crime, Fantasy, Mystery, Thriller,Alec Baldwin, John Lone, Penelope Ann Miller, Peter Boyle,Walter B. Gibson character The Shadow from stories, David Koepp,,,,,,,
A Letter from Death Row,Marvin Baker, Bret Michaels,240,4.1,R,89,1998-11-17,Crime, Drama, Mystery,,,,Bret Michaels, Martin Sheen, Kristi Gibson, Simon Elsworth,Bret Michaels,,,,,,,,
Nightmare Beach,James Justice, Umberto Lenzi,241,5.4,R,90,1989-09-01,Horror,,,,,,Nicolas De Toth, Sarah Buxton, Rawley Valverde, Lance LeGault,Umberto Lenzi story, Vittorio Rambaldi story, Umberto Lenzi screenplay, James Justice screenplay,,,,,
Antitrust,Peter Howitt,,242,6.1,PG-13,105,2001-01-12,Action, Crime, Drama, Thriller,,,Ryan Phillippe, Rachael Leigh Cook, Claire Forlani, Tim Robbins,Howard Franklin,,,, William Moulton Marston character created by: Wonder Woman,,,,
Batman v Superman: Dawn of Justice,Zack Snyder,,243,6.5,PG-13,151,2016-03-25,Action, Adventure, Fantasy, Sci-Fi,,,Ben Affleck, Henry Cavill, Amy Adams, Jesse Eisenberg,Chris Terrio, David S. Goyer, Bob Kane Batman created by, Bill Finger Batman created by,,,,,
Dungeons & Dragons,Courtney Solomon,,244,3.7,PG-13,107,2000-12-08,Action, Adventure, Fantasy,,,,Jeremy Irons, Bruce Payne, Justin Whalin, Marlon Wayans,Topper Lilien, Carroll Cartwright,,,,,,,
My Best Friend's Wedding,P.J. Hogan,,245,6.3,PG-13,105,1997-06-20,Comedy, Drama, Romance,,,,Julia Roberts, Dermot Mulroney, Cameron Diaz, Rupert Everett,Ronald Bass,,,,,,,,
The Wizard of Oz,Victor Fleming, George Cukor,246,8,PG,102,1939-08-25,Adventure, Family, Fantasy, Musical,,,Judy Garland, Frank Morgan, Ray Bolger, Bert Lahr,Noel Langley screenplay, Florence Ryerson screenplay, Edgar Allan Woolf screenplay, Noel Langley adaptation,,,,,
Larry the Cable Guy: Health Inspector,Trent Cooper,,247,3.2,PG-13,89,2006-03-24,Comedy, Romance,,,,,Larry the Cable Guy, David Koechner, Michael Papajohn, Phyllis Alexion,Jonathan Bernstein, James Greer,,,,,,,
Waterworld,Kevin Reynolds,,248,6.2,PG-13,135,1995-07-28,Action, Adventure, Sci-Fi, Thriller,,,Kevin Costner, Chaim Jeraffi, Rick Aviles, R.D. Call,Peter Rader, David Twohy,,,,,,,
American Dreamz,Paul Weitz,,249,5.5,PG-13,107,2006-04-21,Comedy, Music,,,,,Hugh Grant, Dennis Quaid, Mandy Moore, Willem Dafoe,Paul Weitz,,,,,,,,
Highlander II: The Quickening,Russell Mulcahy,,250,4.1,R,91,1991-11-01,Action, Adventure, Fantasy, Sci-Fi, Thriller,,Christopher Lambert, Sean Connery, Virginia Madsen, Michael Ironside,Gregory Widen characters, Brian Clemens story, William N. Panzer story, Peter Bellwood screenplay,,,,,
Kindergarten Cop 2,Don Michael Paul,,251,4.5,PG-13,100,2016-05-18,Action, Comedy,,,,,Dolph Lundgren, Darla Taylor, Bill Bellamy, Aleks Paunovic,David H. Steinberg screenplay, Timothy Harris based on the film written by, Murray Salem based on the film written by, Murray Salem story,,,,,
X-Men: The Last Stand,Brett Ratner,,252,6.7,PG-13,104,2006-05-26,Action, Adventure, Sci-Fi, Thriller,,,Hugh Jackman, Halle Berry, Ian McKellen, Patrick Stewart,Simon Kinberg, Zak Penn,,,,,,,
Speed 2: Cruise Control,Jan de Bont,,253,3.8,PG-13,121,1997-06-13,Action, Adventure, Crime, Romance, Thriller,,Sandra Bullock, Jason Patric, Willem Dafoe, Temuera Morrison,Graham Yost characters, Jan de Bont story, Randall McCormick story, Randall McCormick screenplay,,,,,
Don't Tell Mom the Babysitter's Dead,Stephen Herek,,254,6.1,PG-13,102,1991-06-07,Comedy,,,,,,Christina Applegate, Joanna Cassidy, John Getz, Josh Charles,Neil Landau, Tara Ison,,,,,,,
Street Fighter,Steven E. de Souza,,255,3.9,PG-13,102,1994-12-23,Action, Adventure, Comedy, Thriller,,,Jean-Claude Van Damme, Raul Julia, Ming-Na Wen, Damian Chapa,Steven E. de Souza,,,, Jeb Stuart screenplay, Larry Gross screenplay,,,
Another 48 Hrs.,Walter Hill,,256,5.8,R,93,1990-06-08,Action, Comedy, Crime, Drama, Mystery, Thriller,Eddie Murphy, Nick Nolte, Brion James, Kevin Tighe,Roger Spottiswoode characters, Walter Hill characters, Larry Gross characters, Steven E. de Souza characters,,,,,
Wild Wild West,Barry Sonnenfeld,,257,4.9,PG-13,106,1999-06-30,Action, Comedy, Sci-Fi, Western,,,Will Smith, Kevin Kline, Kenneth Branagh, Salma Hayek,Jim Thomas story, John Thomas story, S.S. Wilson screenplay, Brent Maddock screenplay,,,,,
Lady in the Water,M. Night Shyamalan,,258,5.6,PG-13,110,2006-07-21,Drama, Fantasy, Mystery, Thriller,,,Paul Giamatti, Bryce Dallas Howard, Jeffrey Wright, Bob Balaban,M. Night Shyamalan,,,,,,,,
Star Trek V: The Final Frontier,William Shatner,,259,5.4,PG,107,1989-06-09,Action, Adventure, Fantasy, Sci-Fi, Thriller,,William Shatner, Leonard Nimoy, DeForest Kelley, James Doohan,Gene Roddenberry creator: based on &quot;Star Trek&quot;, William Shatner story, Harve Bennett story, David Loughery story,,,,,
Con Air,Simon West,,260,6.8,R,115,1997-06-06,Action, Crime, Thriller,,,,Colm Meaney, Mykelti Williamson, Nick Chinlund, Renoly Santiago,Scott Rosenberg,,,,,,,,
Predator 2,Stephen Hopkins,,261,6.3,R,108,1990-11-21,Action, Horror, Sci-Fi, Thriller,,,Kevin Peter Hall, Danny Glover, Gary Busey, Rubén Blades,Jim Thomas characters, John Thomas characters, Jim Thomas, John Thomas,,,,,
Jupiter Ascending,Lana Wachowski, Lilly Wachowski,262,5.3,PG-13,127,2015-02-06,Action, Adventure, Sci-Fi,,,,Mila Kunis, Channing Tatum, Sean Bean, Eddie Redmayne,Lilly Wachowski, Lana Wachowski,,,,,,,
Teenage Mutant Ninja Turtles III,Stuart Gillard,,263,4.8,PG,96,1993-03-19,Action, Adventure, Comedy, Family, Fantasy, Sci-Fi,Elias Koteas, Paige Turco, Stuart Wilson, Sab Shimono,Kevin Eastman based on characters created by, Peter Laird based on characters created by, Stuart Gillard,, James Vanderbilt screen story, Stan Lee Marvel comic book, Steve Ditko Marvel comic book,,
The Amazing Spider-Man 2,Marc Webb,,264,6.6,PG-13,142,2014-05-02,Action, Adventure, Sci-Fi,,,,Andrew Garfield, Emma Stone, Jamie Foxx, Dane DeHaan,Alex Kurtzman screenplay, Roberto Orci screenplay, Jeff Pinkner screenplay, Alex Kurtzman screen story,,,,,
The Substitute 2: School's Out,Steven Pearl,,265,5.1,R,89,1998-04-03,Action, Crime, Thriller,,,,Owen Stadele, Edoardo Ballerini, Christopher Cousins, Chuck Jeffreys,Roy Frumkes characters, Rocco Simonelli characters, Alan Ormsby characters, Roy Frumkes,,,,,
Anaconda,Luis Llosa,,266,4.7,PG-13,89,1997-04-11,Action, Adventure, Horror, Thriller,,,Jennifer Lopez, Ice Cube, Jon Voight, Eric Stoltz,Hans Bauer, Jim Cash, Jack Epps Jr.,,,,,,
Hollow Man,Paul Verhoeven,,267,5.7,R,112,2000-08-04,Action, Horror, Sci-Fi, Thriller,,,Elisabeth Shue, Kevin Bacon, Josh Brolin, Kim Dickens,Gary Scott Thompson story, Andrew W. Marlowe story, Andrew W. Marlowe screenplay,,,,,,
Pet Sematary II,Mary Lambert,,268,4.8,R,100,1992-08-28,Fantasy, Horror,,,,,Edward Furlong, Anthony Edwards, Clancy Brown, Jared Rushton,Richard Outten,,,,,,,,
Halloween: The Curse of Michael Myers,Joe Chappelle,,269,4.9,R,87,1995-09-29,Horror, Thriller,,,,,Donald Pleasence, Paul Rudd, Marianne Hagan, Mitchell Ryan,Debra Hill characters, John Carpenter characters, Daniel Farrands,,,,,,
Ernest Scared Stupid,John R. Cherry III,,270,5.8,PG,91,1991-10-11,Comedy, Family, Fantasy,,,,Jim Varney, Eartha Kitt, Austin Nagler, Shay Astar,John R. Cherry III story, Coke Sams story, Charles Gale screenplay, Coke Sams screenplay,,,,,
Texas Chainsaw Massacre: The Next Generation,Kim Henkel,,271,3.2,R,95,1995-10-21,Comedy, Horror, Thriller,,,,Renée Zellweger, Matthew McConaughey, Robert Jacks, Tonie Perensky,Kim Henkel characters, Tobe Hooper characters, Kim Henkel,,,,,,
Ghosts Can't Do It,John Derek,,272,2.3,R,90,1990-06-01,Comedy, Crime, Fantasy, Romance,,,Bo Derek, Anthony Quinn, Don Murray, Julie Newmar,John Derek by,,,,,,,,
Fantastic Four,Tim Story,,274,5.7,PG-13,106,2005-07-08,Action, Adventure, Fantasy, Sci-Fi,,,Ioan Gruffudd, Jessica Alba, Chris Evans, Michael Chiklis,Mark Frost, Michael France, Stan Lee Marvel comic book, Jack Kirby Marvel comic book,,,,,
The Happening,M. Night Shyamalan,,275,5,R,91,2008-06-13,Mystery, Sci-Fi, Thriller,,,,Mark Wahlberg, Zooey Deschanel, John Leguizamo, Ashlyn Sanchez,M. Night Shyamalan,,,,,,,,
Suburban Commando,Burt Kennedy,,276,4.4,PG,90,1991-10-04,Action, Comedy, Sci-Fi,,,,Hulk Hogan, Christopher Lloyd, Shelley Duvall, Larry Miller,Frank A. Cappello,,,,,,,,
Surviving the Game,Ernest R. Dickerson,,277,6.1,R,96,1994-04-15,Action, Adventure, Crime, Drama, Thriller,,Ice-T, Rutger Hauer, Charles S. Dutton, Gary Busey,Eric Bernt,,,,,,,,
End of Days,Peter Hyams,,278,5.7,R,122,1999-11-24,Action, Fantasy, Horror, Thriller,,,Arnold Schwarzenegger, Gabriel Byrne, Robin Tunney, Kevin Pollak,Andrew W. Marlowe,,,,,,,,
Demolition Man,Marco Brambilla,,279,6.6,R,115,1993-10-08,Action, Crime, Sci-Fi, Thriller,,,Sylvester Stallone, Wesley Snipes, Sandra Bullock, Nigel Hawthorne,Peter M. Lenkov story, Robert Reneau story, Daniel Waters screenplay, Robert Reneau screenplay,,,,,
The Santa Clause 3: The Escape Clause,Michael Lembeck,,280,4.7,G,97,2006-11-03,Adventure, Comedy, Family, Fantasy,,,Tim Allen, Elizabeth Mitchell, Eric Lloyd, Judge Reinhold,Ed Decter, John J. Strauss, Leo Benvenuti characters, Steve Rudnick characters,,,,,
Batman Begins,Christopher Nolan,,281,8.3,PG-13,140,2005-06-15,Action, Adventure, Thriller,,,,Christian Bale, Michael Caine, Liam Neeson, Katie Holmes,Bob Kane characters, David S. Goyer story, Christopher Nolan screenplay, David S. Goyer screenplay,,,,,
Collateral Beauty,David Frankel,,282,6.8,PG-13,97,2016-12-16,Drama, Romance,,,,,Will Smith, Edward Norton, Kate Winslet, Michael Peńa,Allan Loeb,,,,,,,,
Dirty Grandpa,Dan Mazer,,283,5.9,R,102,2016-01-22,Comedy,,,,,,Robert De Niro, Zac Efron, Zoey Deutch, Aubrey Plaza,John Phillips,,,,,,,,
Suicide Squad,David Ayer,,284,6.1,PG-13,123,2016-08-05,Action, Adventure, Fantasy, Sci-Fi,,,Will Smith, Jaime FitzSimons, Ike Barinholtz, Margot Robbie,David Ayer,,,,,,,,
Gods of Egypt,Alex Proyas,,285,5.4,PG-13,127,2016-02-26,Action, Adventure, Fantasy,,,,Brenton Thwaites, John Samaha, Courtney Eaton, Nikolaj Coster-Waldau,Matt Sazama, Burk Sharpless,,, Roland Emmerich story by, Nicolas Wright story by, James A. Woods story by, Dean Devlin based on characters created by, Roland Emmerich based on characters created by
Independence Day: Resurgence,Roland Emmerich,,286,5.2,PG-13,120,2016-06-24,Action, Adventure, Sci-Fi,,,,Liam Hemsworth, Jeff Goldblum, Jessie T. Usher, Bill Pullman,Nicolas Wright screenplay by, James A. Woods screenplay by, Dean Devlin screenplay by, Roland Emmerich screenplay by,,,,,
Bee Movie,Simon J. Smith, Steve Hickner,287,6.1,PG,91,2007-11-02,Animation, Adventure, Comedy, Family,,,Jerry Seinfeld, Renée Zellweger, Matthew Broderick, Patrick Warburton,Jerry Seinfeld, Spike Feresten, Barry Marder, Andy Robin,,,,,
My Father the Hero,Steve Miner,,288,5.4,PG,90,1994-02-04,Comedy, Romance,,,,,Gérard Depardieu, Katherine Heigl, Dalton James, Lauren Hutton,Gérard Lauzier screenplay &quot;Mon pčre,  ce héros&quot;, Francis Veber screenplay, Charlie Peters screenplay,,,,,
Retroactive,Louis Morneau,,289,6.3,R,91,1997-01-01,Action, Crime, Drama, Sci-Fi, Thriller,,Jim Belushi, Kylie Travis, Shannon Whirry, Frank Whaley,Michael Hamilton-Wright, Robert Strauss, Phillip Badger,,,,,,
Tango & Cash,Andrey Konchalovskiy, Albert Magnoli,290,6.4,R,104,1989-12-22,Action, Comedy, Crime, Thriller,,,Sylvester Stallone, Kurt Russell, Teri Hatcher, Jack Palance,Randy Feldman,,,,,,,,
Avatar: The Last Airbender,N/A,,291,9.2,TV-Y7-FV,23,N/A,Animation, Action, Adventure, Family, Fantasy, Mystery,Dee Bradley Baker, Zach Tyler, Mae Whitman, Jack De Sena,Michael Dante DiMartino, Bryan Konietzko,,,,,,,
Ultraviolet,Kurt Wimmer,,293,4.4,PG-13,88,2006-03-03,Action, Sci-Fi, Thriller,,,,Milla Jovovich, Cameron Bright, Nick Chinlund, Sebastien Andrieu,Kurt Wimmer,,,,,,,,
Power Rangers Ninja Steel,N/A,,294,6.7,TV-Y7,21,2017-01-21,Action, Sci-Fi,,,,,William Shewfelt, Nico Greetham, Zoë Robins, Peter Adrian Sudarso,Haim Saban, Power Rangers Story Department,,,,,,,
Overboard,Garry Marshall,,295,6.8,PG,106,1987-12-16,Comedy, Romance,,,,,Goldie Hawn, Kurt Russell, Edward Herrmann, Katherine Helmond,Leslie Dixon,,,,,,,,
Sidekicks,Aaron Norris,,296,5,PG,101,1993-04-30,Action, Adventure, Comedy,,,,Beau Bridges, Jonathan Brandis, Mako, Julia Nickson,Lou Illar story, Galen Thompson screenplay, Lou Illar screenplay,,,,,,
Howard the Duck,Willard Huyck,,297,4.6,PG,110,1986-08-01,Action, Adventure, Comedy, Romance, Sci-Fi,,Lea Thompson, Jeffrey Jones, Tim Robbins, Ed Gale,Steve Gerber Marvel comics character: Howard the Duck, Willard Huyck, Gloria Katz,,,,,,
Hot to Trot,Michael Dinner,,298,4.4,PG,83,1988-08-26,Comedy, Fantasy,,,,,Bobcat Goldthwait, Dabney Coleman, John Candy, Virginia Madsen,Stephen Neigher story, Hugo Gilbert story, Stephen Neigher screenplay, Hugo Gilbert screenplay,,,,,
Death Wish 3,Michael Winner,,299,5.9,R,92,1985-11-01,Action, Crime, Drama, Thriller,,,Charles Bronson, Deborah Raffin, Ed Lauter, Martin Balsam,Don Jakoby, Brian Garfield characters created by,,,,,,,
300,Zack Snyder,,300,7.7,R,117,2007-03-09,Action, Fantasy,,,,,Gerard Butler, Lena Headey, Dominic West, David Wenham,Zack Snyder screenplay, Kurt Johnstad screenplay, Michael B. Gordon screenplay, Frank Miller graphic novel, Ronald Shusett screen story, Paul W.S. Anderson screenplay,,,
AVP: Alien vs. Predator,Paul W.S. Anderson,,301,5.6,PG-13,101,2004-08-13,Action, Horror, Sci-Fi, Thriller,,,Sanaa Lathan, Raoul Bova, Lance Henriksen, Ewen Bremner,Dan O'Bannon &quot;Alien&quot; characters, Ronald Shusett &quot;Alien&quot; characters, Jim Thomas &quot;Predator&quot; characters, John Thomas &quot;Predator&quot; characters,,,,,
Ninja III: The Domination,Sam Firstenberg,,302,5.1,R,92,1984-09-14,Action, Fantasy, Thriller,,,,Shô Kosugi, Lucinda Dickey, Jordan Bennett, David Chung,James R. Silke,,,,,,,,
Disclosure,Barry Levinson,,303,6.1,R,128,1994-12-09,Drama, Thriller,,,,,Michael Douglas, Demi Moore, Donald Sutherland, Caroline Goodall,Michael Crichton novel, Paul Attanasio screenplay,,,,,,,
Transformers,Michael Bay,,304,7.1,PG-13,144,2007-07-03,Action, Adventure, Sci-Fi,,,,Shia LaBeouf, Megan Fox, Josh Duhamel, Tyrese Gibson,Roberto Orci screenplay, Alex Kurtzman screenplay, John Rogers story, Roberto Orci story,,,,,
Transformers: Revenge of the Fallen,Michael Bay,,305,6,PG-13,150,2009-06-24,Action, Adventure, Sci-Fi,,,,Shia LaBeouf, Megan Fox, Josh Duhamel, Tyrese Gibson,Ehren Kruger, Roberto Orci, Alex Kurtzman,,,,,,
Transformers: Dark of the Moon,Michael Bay,,306,6.3,PG-13,154,2011-06-29,Action, Adventure, Sci-Fi,,,,Shia LaBeouf, Rosie Huntington-Whiteley, Josh Duhamel, John Turturro,Ehren Kruger,,,,,,,,
Transformers: Age of Extinction,Michael Bay,,308,5.7,PG-13,165,2014-06-27,Action, Adventure, Sci-Fi,,,,Mark Wahlberg, Stanley Tucci, Kelsey Grammer, Nicola Peltz,Ehren Kruger,,,,,,,,
Encino Man,Les Mayfield,,309,5.7,PG,88,1992-05-22,Comedy,,,,,,Sean Astin, Brendan Fraser, Pauly Shore, Megan Ward,George Zaloom story, Shawn Schepps story, Shawn Schepps screenplay,, Ken Nolan story by,,,,
Transformers: The Last Knight,Michael Bay,,310,5.2,PG-13,154,2017-06-21,Action, Adventure, Sci-Fi,,,,Mark Wahlberg, Anthony Hopkins, Josh Duhamel, Laura Haddock,Art Marcum screenplay by, Matt Holloway screenplay by, Ken Nolan screenplay by, Akiva Goldsman story by,,,,,
Air Force One,Wolfgang Petersen,,311,6.5,R,124,1997-07-25,Action, Drama, Thriller,,,,Harrison Ford, Gary Oldman, Glenn Close, Wendy Crewson,Andrew W. Marlowe,,,, Steve Ditko Marvel comic book,,,,
Spider-Man 3,Sam Raimi,,312,6.2,PG-13,139,2007-05-04,Action, Adventure, Sci-Fi,,,,Tobey Maguire, Kirsten Dunst, James Franco, Thomas Haden Church,Sam Raimi screenplay, Ivan Raimi screenplay, Alvin Sargent screenplay, Sam Raimi screen story,,,,,
Over the Top,Menahem Golan,,314,5.7,PG,93,1987-02-13,Action, Drama, Sport,,,,Sylvester Stallone, Robert Loggia, Susan Blakely, Rick Zumwalt,Gary Conway story, David Engelbach story, Stirling Silliphant screenplay, Sylvester Stallone screenplay,,,,,
Mac and Me,Stewart Raffill,,315,3.4,PG,95,1988-08-12,Adventure, Family, Fantasy, Sci-Fi,,,Christine Ebersole, Jonathan Ward, Tina Caspary, Lauren Stanley,Stewart Raffill, Steve Feke,,,,,,,
It,N/A,,316,6.9,TV-14,192,1990-11-18,Drama, Horror, Mystery, Thriller,,,Harry Anderson, Dennis Christopher, Richard Masur, Annette O'Toole,N/A,,,,,,,,
If Looks Could Kill,William Dear,,317,5.7,PG-13,88,1991-03-15,Action, Comedy,,,,,Richard Grieco, Roger Rees, Linda Hunt, Robin Bartlett,Fred Dekker story, Darren Star screenplay,,,,,,,
Samurai Cop,Amir Shervan,,318,4.7,UNRATED,96,1991-11-30,Action, Crime, Thriller,,,,Robert Z'Dar, Mathew Karedas, Janis Farley, Mark Frazer,Amir Shervan,,,,,,,,
Freddy's Dead: The Final Nightmare,Rachel Talalay,,319,4.9,R,89,1991-09-13,Fantasy, Horror,,,,,Robert Englund, Lisa Zane, Shon Greenblatt, Lezlie Deane,Wes Craven characters, Rachel Talalay story, Michael De Luca screenplay,,,,,,
Dr. Giggles,Manny Coto,,320,5.1,R,95,1992-10-23,Comedy, Drama, Horror, Mystery, Thriller,,Larry Drake, Holly Marie Combs, Cliff De Young, Glenn Quinn,Manny Coto, Graeme Whifler,,,,,,,
Scream 2,Wes Craven,,321,6.1,R,120,1997-12-12,Horror, Mystery,,,,,Jada Pinkett Smith, Omar Epps, Paulette Patterson, Rasila Schroeder,Kevin Williamson characters, Kevin Williamson,,,,,,,
Saw,James Wan,,322,7.6,R,103,2004-10-29,Horror, Mystery,,,,,Leigh Whannell, Cary Elwes, Danny Glover, Ken Leung,Leigh Whannell, James Wan story, Leigh Whannell story,,,,,,
Trick or Treat,Charles Martin Smith,,323,5.8,R,98,1986-10-24,Comedy, Horror, Music,,,,Marc Price, Tony Fields, Lisa Orgolini, Doug Savant,Rhet Topham story, Michael S. Murphey screenplay, Joel Soisson screenplay, Rhet Topham screenplay,,,,,
Rising Sun,Philip Kaufman,,324,6.2,R,129,1993-07-30,Action, Crime, Drama, Mystery, Thriller,,Sean Connery, Wesley Snipes, Harvey Keitel, Cary-Hiroyuki Tagawa,Michael Crichton novel, Philip Kaufman screenplay, Michael Crichton screenplay, Michael Backes screenplay,,,,,
The Fan,Tony Scott,,325,5.8,R,116,1996-08-16,Action, Drama, Sport,,,,Robert De Niro, Wesley Snipes, Ellen Barkin, John Leguizamo,Peter Abrahams book, Phoef Sutton screenplay,,,,,,,
Murder at 1600,Dwight H. Little,,326,6.1,R,107,1997-04-18,Action, Crime, Drama, Mystery, Thriller,,Wesley Snipes, Diane Lane, Daniel Benzali, Dennis Miller,Wayne Beach, David Hodgin,,,,,,,
Drop Zone,John Badham,,327,5.6,R,101,1994-12-09,Action, Adventure, Thriller,,,,Wesley Snipes, Gary Busey, Yancy Butler, Michael Jeter,Tony Griffin story, Guy Manos story, Peter Barsocchini story, Peter Barsocchini screenplay,,,,,
The Punisher,Jonathan Hensleigh,,328,6.5,R,124,2004-04-16,Action, Adventure, Crime, Drama, Thriller,,A. Russell Andrews, Omar Avila, James Carpinello, Mark Collie,Jonathan Hensleigh, Michael France,,,,,,,
Hard to Kill,Bruce Malmuth,,329,5.8,R,96,1990-02-09,Action, Crime, Drama, Thriller,,,Steven Seagal, Kelly LeBrock, William Sadler, Frederick Coffin,Steven McKay,,,,,,,,
Pottersville,Seth Henrikson,,330,5.3,PG-13,84,2017-11-10,Comedy,,,,,,Michael Shannon, Judy Greer, Ron Perlman, Christina Hendricks,Daniel Meyer,,,,,,,,
Constantine,Francis Lawrence,,331,7,R,132,2005-02-18,Action, Fantasy, Horror, Mystery,,,Keanu Reeves, Rachel Weisz, Shia LaBeouf, Djimon Hounsou,Jamie Delano comic book &quot;Hellblazer&quot;, Garth Ennis comic book &quot;Hellblazer&quot;, Kevin Brodbin story, Kevin Brodbin screenplay,,,,,
The Boss Baby,Tom McGrath,,332,6.3,PG,97,2017-03-31,Animation, Adventure, Comedy, Family, Fantasy,,Alec Baldwin, Steve Buscemi, Jimmy Kimmel, Lisa Kudrow,Michael McCullers, Marla Frazee based on the book by,,,,,,,
Bright,David Ayer,,333,6.4,TV-MA,117,2017-12-22,Action, Crime, Fantasy, Thriller,,,Will Smith, Joel Edgerton, Noomi Rapace, Edgar Ramírez,Max Landis,,,,,,,,
The Fate of the Furious,F. Gary Gray,,334,6.7,PG-13,136,2017-04-14,Action, Crime, Thriller,,,,Vin Diesel, Jason Statham, Dwayne Johnson, Michelle Rodriguez,Gary Scott Thompson based on characters created by, Chris Morgan,,,,,,,
The Bye Bye Man,Stacy Title,,335,4.3,PG-13,96,2017-01-13,Drama, Fantasy, Horror, Mystery, Thriller,,Douglas Smith, Lucien Laviscount, Cressida Bonas, Doug Jones,Jonathan Penner screenplay by, Robert Damon Schneck based on &quot;The Bridge to Body Island&quot; by,,,,,,,
Geostorm,Dean Devlin,,336,5.3,PG-13,109,2017-10-20,Action, Sci-Fi, Thriller,,,,Gerard Butler, Jim Sturgess, Abbie Cornish, Alexandra Maria Lara,Dean Devlin, Paul Guyot,,,,,,,
Going in Style,Zach Braff,,337,6.6,PG-13,96,2017-04-07,Comedy, Crime,,,,,Michael Caine, Alan Arkin, Ann-Margret, Matt Dillon,Theodore Melfi screenplay by, Edward Cannon based on the story by,,,,,,,
Blade: Trinity,David S. Goyer,,338,5.9,R,113,2004-12-08,Action, Adventure, Horror, Sci-Fi, Thriller,,Wesley Snipes, Kris Kristofferson, Dominic Purcell, Jessica Biel,David S. Goyer, Marv Wolfman character, Gene Colan character,,,,,,
Man of Steel,Zack Snyder,,339,7.1,PG-13,143,2013-06-14,Action, Adventure, Fantasy, Sci-Fi,,,Henry Cavill, Amy Adams, Michael Shannon, Diane Lane,David S. Goyer screenplay, David S. Goyer story, Christopher Nolan story, Jerry Siegel Superman created by,,,,,
You've Got Mail,Nora Ephron,,340,6.6,PG,119,1998-12-18,Comedy, Drama, Romance,,,,Tom Hanks, Meg Ryan, Greg Kinnear, Parker Posey,Miklós László play, Nora Ephron screenplay, Delia Ephron screenplay,,,,,,
Traces of Red,Andy Wolk,,341,5.2,R,105,1992-11-11,Crime, Drama, Mystery,,,,Jim Belushi, Lorraine Bracco, Tony Goldwyn, William Russ,Jim Piddock,,,,,,,,
Death Wish V: The Face of Death,Allan A. Goldstein,,342,4.8,R,95,1994-01-14,Action, Crime, Drama, Thriller,,,Charles Bronson, Lesley-Anne Down, Michael Parks, Chuck Shamata,Brian Garfield characters, Michael Colleary story, Allan A. Goldstein story, Allan A. Goldstein screenplay,,,,,
The Jerky Boys,James Melkonian,,343,4.6,R,82,1995-02-03,Comedy, Crime,,,,,John G. Brennan, Kamal Ahmed, Alan Arkin, William Hickey,James Melkonian, Rich Wilkes, John G. Brennan, Kamal Ahmed,,,,,
Ghost Rider: Spirit of Vengeance,Mark Neveldine, Brian Taylor,344,4.3,PG-13,96,2012-02-17,Action, Fantasy, Thriller,,,,Nicolas Cage, Violante Placido, Ciarán Hinds, Idris Elba,Scott M. Gimple screenplay, Seth Hoffman screenplay, David S. Goyer screenplay, David S. Goyer story,,,,,
Maximum Overdrive,Stephen King,,345,5.4,R,98,1986-07-25,Action, Comedy, Horror, Sci-Fi,,,Emilio Estevez, Pat Hingle, Laura Harrington, Yeardley Smith,Stephen King film by, Stephen King written for the screen by,,,,,,,
I'll Always Know What You Did Last Summer,Sylvain White,,346,3.6,R,92,2006-08-22,Horror, Mystery, Thriller,,,,Brooke Nevin, David Paetkau, Torrey DeVitto, Ben Easter,Lois Duncan based on characters created by, Michael D. Weiss,,,,,,,
Tarzan the Ape Man,W.S. Van Dyke,,347,7.2,PASSED,100,1932-04-02,Action, Adventure, Romance,,,,Johnny Weissmuller, Neil Hamilton, C. Aubrey Smith, Maureen O'Sullivan,Edgar Rice Burroughs based upon the characters created by, Cyril Hume adaptation, Ivor Novello dialogue,,,,,,
I Know Who Killed Me,Chris Sivertson,,348,3.6,R,105,2007-07-27,Crime, Drama, Mystery, Thriller,,,Bonnie Aarons, Lindsay Lohan, Michael Adler, Julia Ormond,Jeff Hammond,,,, Chris Miller additional dialogue, Conrad Vernon additional dialogue,,,
Shrek,Andrew Adamson, Vicky Jenson,349,7.9,PG,90,2001-05-18,Animation, Adventure, Comedy, Family, Fantasy,,Mike Myers, Eddie Murphy, Cameron Diaz, John Lithgow,William Steig based upon the book by, Ted Elliott, Terry Rossio, Joe Stillman,,,,,
Wild Hogs,Walt Becker,,350,5.9,PG-13,100,2007-03-02,Adventure, Comedy,,,,,Tim Allen, John Travolta, Martin Lawrence, William H. Macy,Brad Copeland,,,,,,,,
Jungle 2 Jungle,John Pasquin,,351,5.1,PG,105,1997-03-07,Comedy, Family,,,,,Tim Allen, Martin Short, JoBeth Williams, Lolita Davidovich,Hervé Palud earlier screenplay Un indien dans la ville, Thierry Lhermitte earlier screenplay Un indien dans la ville, Jean-Marie Pallardy earlier screenplay Un indien dans la ville, Philippe Bruneau earlier screenplay Un indien dans la ville,,,,,
Lost in Space,Stephen Hopkins,,352,5.1,PG-13,130,1998-04-03,Action, Adventure, Family, Sci-Fi, Thriller,,William Hurt, Mimi Rogers, Heather Graham, Lacey Chabert,Irwin Allen television series, Akiva Goldsman,,,,,,,
Airborne,Rob Bowman,,353,6.2,PG,91,1993-09-17,Adventure, Comedy, Sport,,,,Shane McDermott, Seth Green, Brittney Powell, Chris Conrad,Bill Apablasa screenplay, Stephen McEveety story, Bill Apablasa story,,,,,,
The Bucket List,Rob Reiner,,354,7.4,PG-13,97,2008-01-11,Adventure, Comedy, Drama,,,,Jack Nicholson, Morgan Freeman, Sean Hayes, Beverly Todd,Justin Zackham,,,,,,,,
Dollman,Albert Pyun,,355,5.8,R,79,1992-03-12,Action, Comedy, Sci-Fi,,,,Tim Thomerson, Jackie Earle Haley, Kamala Lopez, Humberto Ortiz,Charles Band original story, Chris Roghair screenplay,,,,,,,
Transcendence,Wally Pfister,,356,6.3,PG-13,119,2014-04-18,Drama, Mystery, Romance, Sci-Fi, Thriller,,Johnny Depp, Rebecca Hall, Paul Bettany, Cillian Murphy,Jack Paglen,,,,,,,,
The X Files: I Want to Believe,Chris Carter,,357,5.9,PG-13,104,2008-07-25,Drama, Horror, Mystery, Sci-Fi, Thriller,,David Duchovny, Gillian Anderson, Amanda Peet, Billy Connolly,Frank Spotnitz, Chris Carter, Chris Carter television series &quot;The X-Files&quot;,,,,,,
Witless Protection,Charles Robert Carner,,358,3.2,PG-13,97,2008-02-22,Comedy, Crime,,,,,Larry the Cable Guy, Richard Bull, J. David Moeller, Will Clinger,Charles Robert Carner screenplay, Charles Robert Carner story, Alan C. Blomquist story,,,,,,
X-Men Origins: Wolverine,Gavin Hood,,359,6.6,PG-13,107,2009-05-01,Action, Adventure, Sci-Fi, Thriller,,,Hugh Jackman, Liev Schreiber, Danny Huston, Will.i.am,David Benioff screenplay, Skip Woods screenplay,,,,,,,
Ocean's Twelve,Steven Soderbergh,,360,6.5,PG-13,125,2004-12-10,Crime, Thriller,,,,,Brad Pitt, Catherine Zeta-Jones, George Clooney, Ed Kross,George Nolfi, George Clayton Johnson characters, Jack Golden Russell characters,,,,,,
xXx,Rob Cohen,,361,5.9,PG-13,124,2002-08-09,Action, Adventure, Thriller,,,,Vin Diesel, Asia Argento, Marton Csokas, Samuel L. Jackson,Rich Wilkes,,,, Michael Crichton based on the characters created by,,,,
Jurassic World,Colin Trevorrow,,362,7,PG-13,124,2015-06-12,Action, Adventure, Sci-Fi,,,,Chris Pratt, Bryce Dallas Howard, Irrfan Khan, Vincent D'Onofrio,Rick Jaffa screenplay by, Amanda Silver screenplay by, Colin Trevorrow screenplay by, Derek Connolly screenplay by,,,,,
Jurassic Park III,Joe Johnston,,363,5.9,PG-13,92,2001-07-18,Action, Adventure, Sci-Fi, Thriller,,,Sam Neill, William H. Macy, Téa Leoni, Alessandro Nivola,Michael Crichton characters, Peter Buchman, Alexander Payne, Jim Taylor,,,,,
Lethal Weapon 4,Richard Donner,,364,6.6,R,127,1998-07-10,Action, Crime, Thriller,,,,Mel Gibson, Danny Glover, Joe Pesci, Rene Russo,Shane Black characters, Jonathan Lemkin story, Alfred Gough story, Miles Millar story,,,,,
Rambo III,Peter MacDonald,,365,5.8,R,102,1988-05-25,Action, Adventure, Thriller, War,,,Sylvester Stallone, Richard Crenna, Marc de Jonge, Kurtwood Smith,David Morrell characters, Sylvester Stallone, Sheldon Lettich,,,,,,
Runaway Bride,Garry Marshall,,366,5.5,PG,116,1999-07-30,Comedy, Romance,,,,,Julia Roberts, Richard Gere, Joan Cusack, Hector Elizondo,Josann McGibbon, Sara Parriott,,,,,,,
America's Sweethearts,Joe Roth,,367,5.7,PG-13,102,2001-07-20,Comedy, Romance,,,,,Julia Roberts, Billy Crystal, Catherine Zeta-Jones, John Cusack,Billy Crystal, Peter Tolan,,,,,,,
Eraser,Chuck Russell,,368,6.1,R,115,1996-06-21,Action, Drama, Mystery, Thriller,,,Arnold Schwarzenegger, James Caan, Vanessa Williams, James Coburn,Tony Puryear story, Walon Green story, Michael S. Chernuchin story, Tony Puryear screenplay,,,,,
Rookie of the Year,Daniel Stern,,369,6,PG,103,1993-07-07,Comedy, Family, Fantasy, Sport,,,Thomas Ian Nicholas, Gary Busey, Albert Hall, Amy Morton,Sam Harper,,,,,,,,
Armageddon,Michael Bay,,370,6.7,PG-13,151,1998-07-01,Action, Adventure, Sci-Fi, Thriller,,,Bruce Willis, Billy Bob Thornton, Ben Affleck, Liv Tyler,Jonathan Hensleigh screenplay, J.J. Abrams screenplay, Tony Gilroy adaptation, Shane Salerno adaptation,,,,,
The Emoji Movie,Tony Leondis,,371,3.2,PG,86,2017-07-28,Animation, Adventure, Comedy, Family,,,T.J. Miller, James Corden, Anna Faris, Maya Rudolph,Tony Leondis screenplay by, Eric Siegel screenplay by, Mike White screenplay by, Tony Leondis story by,,,,,
Jason X,James Isaac,,372,4.4,R,91,2002-04-26,Action, Horror, Sci-Fi, Thriller,,,Kane Hodder, Jeff Geddis, Lexa Doig, David Cronenberg,Victor Miller characters, Todd Farmer,,,,,,,
Friday the 13th Part VIII: Jason Takes Manhattan,Rob Hedden,,373,4.6,R,100,1989-07-28,Adventure, Horror, Thriller,,,,Todd Caldecott, Tiffany Paulsen, Tim Mirkovich, Kane Hodder,Rob Hedden, Victor Miller characters,,,,,,,
Tank Girl,Rachel Talalay,,374,5.3,R,104,1995-03-31,Action, Comedy, Sci-Fi,,,,Lori Petty, Ice-T, Naomi Watts, Don Harvey,Alan Martin comic strip, Jamie Hewlett comic strip, Tedi Sarafian,,,,,,
Cobra,George P. Cosmatos,,375,5.7,R,87,1986-05-23,Action, Crime, Thriller,,,,Sylvester Stallone, Brigitte Nielsen, Reni Santoni, Andrew Robinson,Paula Gosling novel, Sylvester Stallone screenplay,,,,,,,
The Flintstones,Brian Levant,,376,4.8,PG,91,1994-05-27,Comedy, Family, Fantasy,,,,John Goodman, Elizabeth Perkins, Rick Moranis, Rosie O'Donnell,Tom S. Parker, Jim Jennewein, Steven E. de Souza,,,,,,
Ready Player One,Steven Spielberg,,377,7.5,PG-13,140,2018-03-29,Action, Adventure, Sci-Fi,,,,Tye Sheridan, Olivia Cooke, Ben Mendelsohn, Lena Waithe,Zak Penn screenplay by, Ernest Cline screenplay by, Ernest Cline based on the novel by,,,,,,
Masterminds,Jared Hess,,378,5.8,PG-13,95,2016-09-30,Action, Comedy, Crime,,,,Zach Galifianakis, Kristen Wiig, Owen Wilson, Ross Kimball,Chris Bowman screenplay, Hubbel Palmer screenplay, Emily Spivey screenplay, Emily Spivey story,,,,,
Aliens vs. Predator: Requiem,Colin Strause, Greg Strause,379,4.7,R,94,2007-12-25,Action, Horror, Sci-Fi, Thriller,,,Steven Pasquale, Reiko Aylesworth, John Ortiz, Johnny Lewis,Shane Salerno, Dan O'Bannon &quot;Alien&quot; characters, Ronald Shusett &quot;Alien&quot; characters, Jim Thomas &quot;Predator&quot; characters,,,,,
The Stepford Wives,Frank Oz,,380,5.3,PG-13,93,2004-06-11,Comedy, Horror, Sci-Fi, Thriller,,,Nicole Kidman, Matthew Broderick, Bette Midler, Glenn Close,Ira Levin book, Paul Rudnick screenplay,,,,,,,
Hellraiser III: Hell on Earth,Anthony Hickox,,381,5.5,R,97,1992-09-11,Horror,,,,,,Kevin Bernhardt, Lawrence Mortorff, Terry Farrell, Ken Carpenter,Clive Barker characters, Peter Atkins story, Tony Randel story, Peter Atkins screenplay,,,,,
Man's Best Friend,John Lafia,,382,5.1,R,87,1993-11-19,Comedy, Horror, Sci-Fi, Thriller,,,Ally Sheedy, Lance Henriksen, Robert Costanzo, Fredric Lehne,John Lafia,,,,,,,,
Halloween: Resurrection,Rick Rosenthal,,383,4.1,R,94,2002-07-12,Horror, Thriller,,,,,Jamie Lee Curtis, Brad Loree, Busta Rhymes, Bianca Kajlich,Debra Hill characters, John Carpenter characters, Larry Brand story, Larry Brand screenplay,,,,,
Van Helsing,Stephen Sommers,,384,6.1,PG-13,131,2004-05-07,Action, Adventure, Fantasy,,,,Hugh Jackman, Kate Beckinsale, Richard Roxburgh, David Wenham,Stephen Sommers,,,,,,,,
Urban Legend,Jamie Blanks,,385,5.5,R,99,1998-09-25,Horror, Mystery,,,,,Jared Leto, Alicia Witt, Rebecca Gayheart, Michael Rosenbaum,Silvio Horta,,,,,,,,
Wishmaster,Robert Kurtzman,,386,5.8,R,90,1997-09-19,Fantasy, Horror,,,,,Tammy Lauren, Andrew Divoff, Robert Englund, Chris Lemmon,Peter Atkins,,,,,,,,
The Cat in the Hat,Bo Welch,,387,3.9,PG,82,2003-11-21,Adventure, Comedy, Family, Fantasy,,,Mike Myers, Alec Baldwin, Kelly Preston, Dakota Fanning,Dr. Seuss book, Alec Berg screenplay, David Mandel screenplay, Jeff Schaffer screenplay,,,,,
How the Grinch Stole Christmas,Ron Howard,,388,6.1,PG,104,2000-11-17,Comedy, Family, Fantasy,,,,Jim Carrey, Taylor Momsen, Kelley, Jeffrey Tambor,Dr. Seuss book, Jeffrey Price screenplay, Peter S. Seaman screenplay,,,,,,
The One,James Wong,,389,5.9,PG-13,87,2001-11-02,Action, Sci-Fi, Thriller,,,,Jet Li, Carla Gugino, Delroy Lindo, Jason Statham,Glen Morgan, James Wong,,,,,,,
Robin Hood: Prince of Thieves,Kevin Reynolds,,390,6.9,PG-13,143,1991-06-14,Action, Adventure, Drama, Romance,,,Kevin Costner, Morgan Freeman, Mary Elizabeth Mastrantonio, Christian Slater,Pen Densham story, Pen Densham screenplay, John Watson screenplay,,,,,,
Richie Rich,N/A,,391,5.8,N/A,30,1996-09-01,Animation, Comedy,,,,,Rene Auberjonois, Jeannie Elias, Pat Fraley, Martin Jarvis,N/A,,,,,,,,
Terminator 2: Judgment Day,James Cameron,,392,8.5,R,137,1991-07-03,Action, Sci-Fi,,,,,Arnold Schwarzenegger, Linda Hamilton, Edward Furlong, Robert Patrick,James Cameron, William Wisher,,,,,,,
Star Wars: Episode IV - A New Hope,George Lucas,,393,8.6,PG,121,1977-05-25,Action, Adventure, Fantasy, Sci-Fi,,,Mark Hamill, Harrison Ford, Carrie Fisher, Peter Cushing,George Lucas,,,,,,,,
Back to the Future,Robert Zemeckis,,394,8.5,PG,116,1985-07-03,Adventure, Comedy, Sci-Fi,,,,Michael J. Fox, Christopher Lloyd, Lea Thompson, Crispin Glover,Robert Zemeckis, Bob Gale,,,,,,,
It's a Wonderful Life,Frank Capra,,395,8.6,PG,130,1947-01-07,Drama, Family, Fantasy,,,,James Stewart, Donna Reed, Lionel Barrymore, Thomas Mitchell,Frances Goodrich screenplay, Albert Hackett screenplay, Frank Capra screenplay, Jo Swerling additional scenes,,,,,
,,,,,,,,,,,,,,,,,,,,,,,,,,
,,,,,,,,,,,,,,,,,,,,,,,,,,
,,,,,,,,,,,,,,,,,,,,,,,,,,
,,,,,,,,,,,,,,,,,,,,,,,,,,
,,,,,,,,,,,,,,,,,,,,,,,,,,
,,,,,,,,,,,,,,,,,,,,,,,,,,
,,,,,,,,,,,,,,,,,,,,,,,,,,
,,,,,,,,,,,,,,,,,,,,,,,,,,
,,,,,,,,,,,,,,,,,,,,,,,,,,
l,,,,,,,,,,,,,,,,,,,,,,,,,,
