Title,Episode 001,Director,IMdB Rating,Rating,Runtime,Release Date,Genre,Genre2,Genre3,Genre4,Genre5,Genre6,Actor,Actor7,Actor8,Actor9,Writer,Writer10,Writer11,Writer12,Writer13,Writer14,Writer15,Writer16,Writer17,,
Sidekicks,Episode 002,Aaron Norris,5,PG,101 min,30-Apr-93,Action, Adventure, Comedy,,,,Beau Bridges, Jonathan Brandis, Mako, Julia Nickson,Lou Illar (story), Galen Thompson (screenplay), Lou Illar (screenplay),,,,,,,,
Jason Goes to Hell: The Final Friday,Episode 003,Adam Marcus,4.3,R,87 min,13-Aug-93,Fantasy, Horror, Thriller,,,,John D. LeMay, Kari Keegan, Kane Hodder, Steven Williams,Jay Huguely (story), Adam Marcus (story), Dean Lorey (screenplay), Jay Huguely (screenplay),,,,,,,
Winter's Tale,Episode 004,Akiva Goldsman,6.2,PG-13,118 min,14-Feb-14,Drama, Fantasy, Mystery, Romance,,,Colin Farrell, Matt Bomer, Lucy Griffiths, Michael Crane,Akiva Goldsman (screenplay), Mark Helprin (novel),,,,,,,,,
Captain America,Episode 005,Albert Pyun,3.3,PG-13,97 min,14-Dec-90,Action, Adventure, Sci-Fi,,,,Matt Salinger, Ronny Cox, Ned Beatty, Darren McGavin,Joe Simon (characters), Jack Kirby (characters), Stephen Tolkin (story), Lawrence J. Block (story), Stephen Tolkin (screenplay),,,,,,
Dollman,Episode 006,Albert Pyun,5.8,R,79 min,12-Mar-92,Action, Comedy, Sci-Fi,,,,Tim Thomerson, Jackie Earle Haley, Kamala Lopez, Humberto Ortiz,Charles Band (original story), Chris Roghair (screenplay),,,,,,,,,
Gods of Egypt,Episode 007,Alex Proyas,5.4,PG-13,127 min,26-Feb-16,Action, Adventure, Fantasy,,,,Brenton Thwaites, John Samaha, Courtney Eaton, Nikolaj Coster-Waldau,Matt Sazama, Burk Sharpless,,,,,,,,,
Tooth Fairy 2,Episode 008,Alex Zamm,3.9,PG,90 min,6-Mar-12,Comedy, Family,,,,,Larry the Cable Guy, David Mackey, Erin Beute, John Connon,Ben Zazove,,,,,,,,,,
Jingle All the Way 2,Episode 009,Alex Zamm,3.9,PG,93 min,2-Dec-14,Comedy, Family,,,,,Larry the Cable Guy, Brian Stepanek, Anthony Carelli, Kennedi Clements,Randy Kornfield (based on &quot;Jingle All the Way&quot; written by), Stephen Mazur,,,,,,,,,
Death Wish V: The Face of Death,Episode 010,Allan A. Goldstein,4.8,R,95 min,14-Jan-94,Action, Crime, Drama, Thriller,,,Charles Bronson, Lesley-Anne Down, Michael Parks, Chuck Shamata,Brian Garfield (characters), Michael Colleary (story), Allan A. Goldstein (story), Allan A. Goldstein (screenplay),,,,,,,
Samurai Cop,Episode 011,Amir Shervan,4.7,UNRATED,96 min,30-Nov-91,Action, Crime, Thriller,,,,Robert Z'Dar, Mathew Karedas, Janis Farley, Mark Frazer,Amir Shervan,,,,,,,,,,
Shrek,Episode 012,Andrew Adamson,7.9,PG,90 min,18-May-01,Animation, Adventure, Comedy, Family, Fantasy,,Mike Myers, Eddie Murphy, Cameron Diaz, John Lithgow,William Steig (based upon the book by), Ted Elliott, Terry Rossio, Joe Stillman,,,,,,,
Tango & Cash,Episode 013,Andrey Konchalovskiy,6.4,R,104 min,22-Dec-89,Action, Comedy, Crime, Thriller,,,Sylvester Stallone, Kurt Russell, Teri Hatcher, Jack Palance,Randy Feldman,,,,,,,,,,
Traces of Red,Episode 014,Andy Wolk,5.2,R,105 min,11-Nov-92,Crime, Drama, Mystery,,,,Jim Belushi, Lorraine Bracco, Tony Goldwyn, William Russ,Jim Piddock,,,,,,,,,,
Super Mario Bros.,Episode 015,Annabel Jankel,4,PG,104 min,28-May-93,Adventure, Comedy, Family, Fantasy, Sci-Fi,,Bob Hoskins, John Leguizamo, Dennis Hopper, Samantha Mathis,Parker Bennett, Terry Runte, Ed Solomon,,,,,,,,
Hellraiser III: Hell on Earth,Episode 016,Anthony Hickox,5.5,R,97 min,11-Sep-92,Horror,,,,,,Kevin Bernhardt, Lawrence Mortorff, Terry Farrell, Ken Carpenter,Clive Barker (characters), Peter Atkins (story), Tony Randel (story), Peter Atkins (screenplay),,,,,,,
Olympus Has Fallen,Episode 017,Antoine Fuqua,6.5,R,119 min,22-Mar-13,Action, Thriller,,,,,Gerard Butler, Aaron Eckhart, Finley Jacobsen, Dylan McDermott,Creighton Rothenberger, Katrin Benedikt,,,,,,,,,
Taking Care of Business,Episode 018,Arthur Hiller,6.4,R,108 min,17-Aug-90,Comedy,,,,,,Jim Belushi, Charles Grodin, Anne De Salvo, Loryn Locklin,Jill Mazursky, J.J. Abrams,,,,,,,,,
Disclosure,Episode 019,Barry Levinson,6.1,R,128 min,9-Dec-94,Drama, Thriller,,,,,Michael Douglas, Demi Moore, Donald Sutherland, Caroline Goodall,Michael Crichton (novel), Paul Attanasio (screenplay),,,,,,,,,
Wild in the Streets,Episode 020,Barry Shear,6,R,97 min,29-May-68,Comedy, Drama, Music,,,,Shelley Winters, Christopher Jones, Diane Varsi, Hal Holbrook,Robert Thom,,,,,,,,,,
Men in Black II,Episode 021,Barry Sonnenfeld,6.1,PG-13,88 min,3-Jul-02,Action, Adventure, Comedy, Mystery, Sci-Fi,,Tommy Lee Jones, Will Smith, Rip Torn, Lara Flynn Boyle,Lowell Cunningham (comic book &quot;Malibu Comics&quot;), Robert Gordon (story), Robert Gordon (screenplay), Barry Fanaro (screenplay),,,,,,,
Wild Wild West,Episode 022,Barry Sonnenfeld,4.9,PG-13,106 min,30-Jun-99,Action, Comedy, Sci-Fi, Western,,,Will Smith, Kevin Kline, Kenneth Branagh, Salma Hayek,Jim Thomas (story), John Thomas (story), S.S. Wilson (screenplay), Brent Maddock (screenplay), Jeffrey Price (screenplay),,,,,,
Pelle the Conqueror,Episode 023,Bille August,7.9,PG-13,157 min,21-Dec-88,Drama,,,,,,Pelle Hvenegaard, Max von Sydow, Erik Paaske, Björn Granath,Martin Andersen Nexř (novel), Bille August (screenplay), Per Olov Enquist, Bjarne Reuter,,,,,,,
The Cat in the Hat,Episode 024,Bo Welch,3.8,PG,82 min,21-Nov-03,Adventure, Comedy, Family, Fantasy,,,Mike Myers, Alec Baldwin, Kelly Preston, Dakota Fanning,Dr. Seuss (book), Alec Berg (screenplay), David Mandel (screenplay), Jeff Schaffer (screenplay),,,,,,,
Casper,Episode 025,Brad Silberling,6.1,PG,100 min,26-May-95,Comedy, Family, Fantasy,,,,Chauncey Leopardi, Spencer Vrooman, Malachi Pearson, Cathy Moriarty,Joseph Oriolo (characters), Sherri Stoner, Deanna Oliver,,,,,,,,
The Last Witch Hunter,Episode 026,Breck Eisner,6,PG-13,106 min,23-Oct-15,Action, Adventure, Fantasy,,,,Vin Diesel, Rose Leslie, Elijah Wood, Ólafur Darri Ólafsson,Cory Goodman, Matt Sazama, Burk Sharpless,,,,,,,,
Virtuosity,Episode 027,Brett Leonard,5.6,R,106 min,4-Aug-95,Action, Crime, Sci-Fi, Thriller,,,Denzel Washington, Kelly Lynch, Russell Crowe, Stephen Spinella,Eric Bernt,,,,,,,,,,
X-Men: The Last Stand,Episode 028,Brett Ratner,6.7,PG-13,104 min,26-May-06,Action, Adventure, Sci-Fi, Thriller,,,Hugh Jackman, Halle Berry, Ian McKellen, Patrick Stewart,Simon Kinberg, Zak Penn,,,,,,,,,
The Juror,Episode 029,Brian Gibson,5.6,R,118 min,2-Feb-96,Drama, Thriller,,,,,Demi Moore, Alec Baldwin, Joseph Gordon-Levitt, James Gandolfini,George Dawes Green (novel), Ted Tally (screenplay),,,,,,,,,
Jingle All the Way,Episode 030,Brian Levant,5.5,PG,89 min,22-Nov-96,Comedy, Family,,,,,Arnold Schwarzenegger, Sinbad, Phil Hartman, Rita Wilson,Randy Kornfield,,,,,,,,,,
The Flintstones,Episode 031,Brian Levant,4.8,PG,91 min,27-May-94,Comedy, Family, Fantasy,,,,John Goodman, Elizabeth Perkins, Rick Moranis, Rosie O'Donnell,Tom S. Parker, Jim Jennewein, Steven E. de Souza,,,,,,,,
Hard to Kill,Episode 032,Bruce Malmuth,5.8,R,96 min,9-Feb-90,Action, Crime, Drama, Thriller,,,Steven Seagal, Kelly LeBrock, William Sadler, Frederick Coffin,Steven McKay,,,,,,,,,,
The Dead Pool,Episode 033,Buddy Van Horn,6.3,R,91 min,13-Jul-88,Action, Crime, Mystery, Thriller,,,Clint Eastwood, Patricia Clarkson, Liam Neeson, Evan C. Kim,Harry Julian Fink (characters), Rita M. Fink (characters), Steve Sharon (story), Durk Pearson (story), Sandy Shaw (story),,,,,,
Suburban Commando,Episode 034,Burt Kennedy,4.4,PG,90 min,4-Oct-91,Action, Comedy, Sci-Fi,,,,Hulk Hogan, Christopher Lloyd, Shelley Duvall, Larry Miller,Frank A. Cappello,,,,,,,,,,
Trick or Treat,Episode 035,Charles Martin Smith,5.8,R,98 min,24-Oct-86,Comedy, Horror, Music,,,,Marc Price, Tony Fields, Lisa Orgolini, Doug Savant,Rhet Topham (story), Michael S. Murphey (screenplay), Joel Soisson (screenplay), Rhet Topham (screenplay),,,,,,,
Witless Protection,Episode 036,Charles Robert Carner,3.2,PG-13,97 min,22-Feb-08,Comedy, Crime,,,,,Larry the Cable Guy, Richard Bull, J. David Moeller, Will Clinger,Charles Robert Carner (screenplay), Charles Robert Carner (story), Alan C. Blomquist (story),,,,,,,,
K-911,Episode 037,Charles T. Kanganis,5.7,PG-13,91 min,12-Dec-99,Action, Comedy, Crime,,,,Jim Belushi, Christine Tucci, James Handy, Wade Williams,Steven Siegel (characters), Scott Myers (characters), Gary Scott Thompson,,,,,,,,
The X Files: I Want to Believe,Episode 038,Chris Carter,5.9,PG-13,104 min,25-Jul-08,Drama, Horror, Mystery, Sci-Fi, Thriller,,David Duchovny, Gillian Anderson, Amanda Peet, Billy Connolly,Frank Spotnitz, Chris Carter, Chris Carter (television series &quot;The X-Files&quot;),,,,,,,,
Pixels,Episode 039,Chris Columbus,5.6,PG-13,105 min,24-Jul-15,Action, Comedy, Sci-Fi,,,,Adam Sandler, Kevin James, Michelle Monaghan, Peter Dinklage,Tim Herlihy (screenplay), Timothy Dowling (screenplay), Tim Herlihy (screen story), Patrick Jean (short film),,,,,,,
Mrs. Doubtfire,Episode 040,Chris Columbus,7,PG-13,125 min,24-Nov-93,Comedy, Drama, Family,,,,Robin Williams, Sally Field, Pierce Brosnan, Harvey Fierstein,Anne Fine (novel), Randi Mayem Singer (screenplay), Leslie Dixon (screenplay),,,,,,,,
Nine Months,Episode 041,Chris Columbus,5.5,PG-13,103 min,12-Jul-95,Comedy, Romance,,,,,Hugh Grant, Julianne Moore, Tom Arnold, Joan Cusack,Patrick Braoudé (film &quot;Neuf mois&quot;), Chris Columbus (screenplay),,,,,,,,,
I Know Who Killed Me,Episode 042,Chris Sivertson,3.6,R,105 min,27-Jul-07,Crime, Drama, Mystery, Thriller,,,Bonnie Aarons, Lindsay Lohan, Michael Adler, Julia Ormond,Jeff Hammond,,,,,,,,,,
The Principal,Episode 043,Christopher Cain,6.3,R,109 min,18-Sep-87,Action, Crime, Drama, Thriller,,,Jim Belushi, Louis Gossett Jr., Rae Dawn Chong, Michael Wright,Frank Deese,,,,,,,,,,
The Next Karate Kid,Episode 044,Christopher Cain,4.4,PG,107 min,9-Sep-94,Action, Drama, Family, Romance, Sport,,Pat Morita, Hilary Swank, Michael Ironside, Constance Towers,Robert Mark Kamen (characters), Mark Lee,,,,,,,,,
Gone Fishin',Episode 045,Christopher Cain,4.7,PG,94 min,30-May-97,Comedy, Crime,,,,,Joe Pesci, Danny Glover, Rosanna Arquette, Lynn Whitfield,Jill Mazursky, J.J. Abrams,,,,,,,,,
Teen Wolf Too,Episode 046,Christopher Leitch,3.2,PG,95 min,20-Nov-87,Comedy, Fantasy,,,,,Jason Bateman, Kim Darby, John Astin, Paul Sand,Jeph Loeb (characters), Matthew Weisman (characters), Jeph Loeb (story), Matthew Weisman (story), Tim Kring (screenplay),,,,,,
Batman Begins,Episode 047,Christopher Nolan,8.3,PG-13,140 min,15-Jun-05,Action, Adventure, Thriller,,,,Christian Bale, Michael Caine, Liam Neeson, Katie Holmes,Bob Kane (characters), David S. Goyer (story), Christopher Nolan (screenplay), David S. Goyer (screenplay),,,,,,,
Eraser,Episode 048,Chuck Russell,6.1,R,115 min,21-Jun-96,Action, Drama, Mystery, Thriller,,,Arnold Schwarzenegger, James Caan, Vanessa Williams, James Coburn,Tony Puryear (story), Walon Green (story), Michael S. Chernuchin (story), Tony Puryear (screenplay), Walon Green (screenplay),,,,,,
Bless the Child,Episode 049,Chuck Russell,5.1,R,107 min,11-Aug-00,Crime, Drama, Horror,,,,Kim Basinger, Jimmy Smits, Holliston Coleman, Rufus Sewell,Cathy Cash Spellman (novel), Thomas Rickman (screenplay), Clifford Green (screenplay), Ellen Green (screenplay),,,,,,,
S.W.A.T.,Episode 050,Clark Johnson,6,PG-13,117 min,8-Aug-03,Action, Adventure, Crime, Thriller,,,Samuel L. Jackson, Colin Farrell, Michelle Rodriguez, LL Cool J,Robert Hamner (characters), Ron Mita (story), Jim McClain (story), David Ayer (screenplay), David McKenna (screenplay),,,,,,
Aliens vs. Predator: Requiem,Episode 051,Colin Strause,4.7,R,94 min,25-Dec-07,Action, Horror, Sci-Fi, Thriller,,,Steven Pasquale, Reiko Aylesworth, John Ortiz, Johnny Lewis,Shane Salerno, Dan O'Bannon (&quot;Alien&quot; characters), Ronald Shusett (&quot;Alien&quot; characters), Jim Thomas (&quot;Predator&quot; characters),,,,,,,
Jurassic World,Episode 052,Colin Trevorrow,7,PG-13,124 min,12-Jun-15,Action, Adventure, Sci-Fi,,,,Chris Pratt, Bryce Dallas Howard, Irrfan Khan, Vincent D'Onofrio,Rick Jaffa (screenplay by), Amanda Silver (screenplay by), Colin Trevorrow (screenplay by), Derek Connolly (screenplay by), Rick Jaffa (story by),,,,,,
Dungeons & Dragons,Episode 053,Courtney Solomon,3.7,PG-13,107 min,8-Dec-00,Action, Adventure, Fantasy,,,,Jeremy Irons, Bruce Payne, Justin Whalin, Marlon Wayans,Topper Lilien, Carroll Cartwright,,,,,,,,,
Getaway,Episode 054,Courtney Solomon,4.4,PG-13,90 min,30-Aug-13,Action, Crime, Thriller,,,,Ethan Hawke, Selena Gomez, Jon Voight, Rebecca Budig,Sean Finegan, Gregg Maxwell Parker,,,,,,,,,
The Hand That Rocks the Cradle,Episode 055,Curtis Hanson,6.6,R,110 min,10-Jan-92,Drama, Thriller,,,,,Annabella Sciorra, Rebecca De Mornay, Matt McCoy, Ernie Hudson,Amanda Silver,,,,,,,,,,
Taking Lives,Episode 056,D.J. Caruso,6.2,R,103 min,19-Mar-04,Crime, Drama, Mystery, Thriller,,,Angelina Jolie, Ethan Hawke, Kiefer Sutherland, Gena Rowlands,Michael Pye (novel), Jon Bokenkamp (screen story), Jon Bokenkamp (screenplay),,,,,,,,
Care Bears Movie II: A New Generation,Episode 057,Dale Schott,5.4,G,76 min,21-Mar-86,Animation, Adventure, Comedy, Family, Fantasy, Musical,Hadley Kay, Chris Wiggins, Cree Summer, Alyson Court,Peter Sauder,,,,,,,,,,
"Abraxas,  Guardian of the Universe",Episode 058,Damian Lee,2.7,R,90 min,1-Mar-91,Action, Sci-Fi,,,,,Jesse Ventura, Sven-Ole Thorsen, Damian Lee, Jerry Levitan,Damian Lee,,,,,,,,,,
Dirty Grandpa,Episode 059,Dan Mazer,5.9,R,102 min,22-Jan-16,Comedy,,,,,,Robert De Niro, Zac Efron, Zoey Deutch, Aubrey Plaza,John Phillips,,,,,,,,,,
Silver Bullet,Episode 060,Daniel Attias,6.4,R,95 min,11-Oct-85,Horror,,,,,,Gary Busey, Everett McGill, Corey Haim, Megan Follows,Stephen King (novel), Stephen King (screenplay),,,,,,,,,
The Glass House,Episode 061,Daniel Sackheim,5.8,PG-13,106 min,14-Sep-01,Crime, Drama, Mystery,,,,Leelee Sobieski, Diane Lane, Stellan Skarsgĺrd, Bruce Dern,Wesley Strick,,,,,,,,,,
Rookie of the Year,Episode 062,Daniel Stern,6,PG,103 min,7-Jul-93,Comedy, Family, Fantasy, Sport,,,Thomas Ian Nicholas, Gary Busey, Albert Hall, Amy Morton,Sam Harper,,,,,,,,,,
The Wrong Guys,Episode 063,Danny Bilson,5,PG,86 min,13-May-88,Comedy,,,,,,Louie Anderson, Richard Lewis, Richard Belzer, Franklyn Ajaye,Paul De Meo, Danny Bilson,,,,,,,,,
Judge Dredd,Episode 064,Danny Cannon,5.5,R,96 min,30-Jun-95,Action, Crime, Sci-Fi, Thriller,,,Sylvester Stallone, Armand Assante, Rob Schneider, Jürgen Prochnow,John Wagner (characters), Carlos Ezquerra (characters), Michael De Luca (story), William Wisher (story), William Wisher (screenplay),,,,,,
I Still Know What You Did Last Summer,Episode 065,Danny Cannon,4.6,R,100 min,13-Nov-98,Horror, Mystery,,,,,Jennifer Love Hewitt, Freddie Prinze Jr., Brandy Norwood, Mekhi Phifer,Lois Duncan (characters), Trey Callaway,,,,,,,,,
Killer Workout,Episode 066,David A. Prior,4.9,R,85 min,16-Apr-87,Horror,,,,,,Marcia Karr, David Campbell, Fritz Matthews, Ted Prior,David A. Prior,,,,,,,,,,
Suicide Squad,Episode 067,David Ayer,6.1,PG-13,123 min,5-Aug-16,Action, Adventure, Fantasy, Sci-Fi,,,Will Smith, Jaime FitzSimons, Ike Barinholtz, Margot Robbie,David Ayer,,,,,,,,,,
Bright,Episode 068,David Ayer,6.4,TV-MA,117 min,22-Dec-17,Action, Crime, Fantasy, Thriller,,,Will Smith, Joel Edgerton, Noomi Rapace, Edgar Ramírez,Max Landis,,,,,,,,,,
Sabotage,Episode 069,David Ayer,5.7,R,109 min,28-Mar-14,Action, Crime, Drama, Thriller,,,Arnold Schwarzenegger, Sam Worthington, Joe Manganiello, Josh Holloway,Skip Woods, David Ayer,,,,,,,,,
Collateral Beauty,Episode 070,David Frankel,6.8,PG-13,97 min,16-Dec-16,Drama, Romance,,,,,Will Smith, Edward Norton, Kate Winslet, Michael Peńa,Allan Loeb,,,,,,,,,,
Kill Crazy,Episode 071,David Heavener,5.2,R,94 min,21-Nov-90,Action,,,,,,David Heavener, Rachelle Carson, Steve DeVorkin, Danielle Brisebois,David Heavener,,,,,,,,,,
Inspector Gadget,Episode 072,David Kellogg,4.1,PG,78 min,23-Jul-99,Action, Adventure, Comedy, Family, Sci-Fi,,Matthew Broderick, Rupert Everett, Joely Fisher, Michelle Trachtenberg,Andy Heyward (characters), Jean Chalopin (characters), Bruno Bianchi (characters), Dana Olsen (story), Kerry Ehrin (story),,,,,,
Secret Window,Episode 073,David Koepp,6.6,PG-13,96 min,12-Mar-04,Drama, Mystery, Thriller,,,,Johnny Depp, John Turturro, Maria Bello, Timothy Hutton,Stephen King (novel), David Koepp (screenplay),,,,,,,,,
Blade: Trinity,Episode 074,David S. Goyer,5.9,R,113 min,8-Dec-04,Action, Adventure, Horror, Sci-Fi, Thriller,,Wesley Snipes, Kris Kristofferson, Dominic Purcell, Jessica Biel,David S. Goyer, Marv Wolfman (character), Gene Colan (character),,,,,,,,
Geostorm,Episode 075,Dean Devlin,5.3,PG-13,109 min,20-Oct-17,Action, Sci-Fi, Thriller,,,,Gerard Butler, Jim Sturgess, Abbie Cornish, Alexandra Maria Lara,Dean Devlin, Paul Guyot,,,,,,,,,
Grown Ups 2,Episode 076,Dennis Dugan,5.4,PG-13,101 min,12-Jul-13,Comedy,,,,,,Adam Sandler, Kevin James, Chris Rock, David Spade,Fred Wolf, Adam Sandler, Tim Herlihy, Adam Sandler (based on characters created by), Fred Wolf (based on characters created by),,,,,,
Swordfish,Episode 077,Dominic Sena,6.5,R,99 min,8-Jun-01,Action, Crime, Thriller,,,,John Travolta, Hugh Jackman, Halle Berry, Don Cheadle,Skip Woods,,,,,,,,,,
Kindergarten Cop 2,Episode 078,Don Michael Paul,4.5,PG-13,100 min,18-May-16,Action, Comedy,,,,,Dolph Lundgren, Darla Taylor, Bill Bellamy, Aleks Paunovic,David H. Steinberg (screenplay), Timothy Harris (based on the film written by), Murray Salem (based on the film written by), Murray Salem (story), Herschel Weingrod (based on the film written by),,,,,,
Teen Witch,Episode 079,Dorian Walker,6.2,PG-13,90 min,28-Apr-89,Comedy, Fantasy, Romance,,,,Robyn Lively, Dan Gauthier, Joshua John Miller, Caren Kaye,Robin Menken, Vernon Zimmerman,,,,,,,,,
Murder at 1600,Episode 080,Dwight H. Little,6.1,R,107 min,18-Apr-97,Action, Crime, Drama, Mystery, Thriller,,Wesley Snipes, Diane Lane, Daniel Benzali, Dennis Miller,Wayne Beach, David Hodgin,,,,,,,,,
The Butterfly Effect,Episode 081,Eric Bress,7.7,R,113 min,23-Jan-04,Drama, Sci-Fi, Thriller,,,,Ashton Kutcher, Melora Walters, Amy Smart, Elden Henson,J. Mackye Gruber, Eric Bress,,,,,,,,,
Body Parts,Episode 082,Eric Red,5.5,R,88 min,2-Aug-91,Horror, Thriller,,,,,Jeff Fahey, Lindsay Duncan, Kim Delaney, Zakes Mokae,Pierre Boileau (novel), Thomas Narcejac (novel), Patricia Herskovic (screen story), Joyce Taylor (screen story), Eric Red (screenplay),,,,,,
Evilspeak,Episode 083,Eric Weston,5.7,R,97 min,26-Feb-82,Drama, Horror,,,,,Clint Howard, R.G. Armstrong, Joe Cortese, Claude Earl Jones,Joseph Garofalo (screenplay), Eric Weston (screenplay), Joseph Garofalo (story),,,,,,,,
Surviving the Game,Episode 084,Ernest R. Dickerson,6.1,R,96 min,15-Apr-94,Action, Adventure, Crime, Drama, Thriller,,Ice-T, Rutger Hauer, Charles S. Dutton, Gary Busey,Eric Bernt,,,,,,,,,,
"Hail, Caesar!",Episode 085,Ethan Coen,6.3,PG-13,106 min,5-Feb-16,Comedy, Mystery,,,,,Josh Brolin, George Clooney, Alden Ehrenreich, Ralph Fiennes,Joel Coen, Ethan Coen,,,,,,,,,
The Fate of the Furious,Episode 086,F. Gary Gray,6.7,PG-13,136 min,14-Apr-17,Action, Crime, Thriller,,,,Vin Diesel, Jason Statham, Dwayne Johnson, Michelle Rodriguez,Gary Scott Thompson (based on characters created by), Chris Morgan,,,,,,,,,
Constantine,Episode 087,Francis Lawrence,7,R,132 min,18-Feb-05,Action, Fantasy, Horror, Mystery,,,Keanu Reeves, Rachel Weisz, Shia LaBeouf, Djimon Hounsou,Jamie Delano (comic book &quot;Hellblazer&quot;), Garth Ennis (comic book &quot;Hellblazer&quot;), Kevin Brodbin (story), Kevin Brodbin (screenplay), Frank A. Cappello (screenplay),,,,,,
It's a Wonderful Life,Episode 088,Frank Capra,8.6,PG,130 min,7-Jan-47,Drama, Family, Fantasy,,,,James Stewart, Donna Reed, Lionel Barrymore, Thomas Mitchell,Frances Goodrich (screenplay), Albert Hackett (screenplay), Frank Capra (screenplay), Jo Swerling (additional scenes), Philip Van Doren Stern (story),,,,,,
Buried Alive,Episode 089,Frank Darabont,6.6,PG-13,93 min,9-May-90,Horror, Romance, Thriller,,,,Tim Matheson, Jennifer Jason Leigh, William Atherton, Hoyt Axton,David A. Davies (story), Mark Patrick Carducci (teleplay),,,,,,,,,
Congo,Episode 090,Frank Marshall,5.1,PG-13,109 min,9-Jun-95,Action, Adventure, Mystery, Sci-Fi,,,Laura Linney, Dylan Walsh, Ernie Hudson, Tim Curry,Michael Crichton (novel), John Patrick Shanley (screenplay),,,,,,,,,
The Stepford Wives,Episode 091,Frank Oz,5.3,PG-13,93 min,11-Jun-04,Comedy, Horror, Sci-Fi, Thriller,,,Nicole Kidman, Matthew Broderick, Bette Midler, Glenn Close,Ira Levin (book), Paul Rudnick (screenplay),,,,,,,,,
Tuff Turf,Episode 092,Fritz Kiersch,6.2,R,112 min,11-Jan-85,Action, Drama,,,,,James Spader, Kim Richards, Paul Mones, Matt Clark,Jette Rinck (screenplay), Greg Collins O'Neill (story), Murray Michaels (story),,,,,,,,
Godzilla,Episode 093,Gareth Edwards,6.4,PG-13,123 min,16-May-14,Action, Adventure, Sci-Fi, Thriller,,,Aaron Taylor-Johnson, CJ Adams, Ken Watanabe, Bryan Cranston,Max Borenstein (screenplay), Dave Callaham (story), Ishirô Honda (based on the character created by), Takeo Murata (based on the character created by), Shigeru Kayama (based on the character created by),,,,,,
Runaway Bride,Episode 094,Garry Marshall,5.5,PG,116 min,30-Jul-99,Comedy, Romance,,,,,Julia Roberts, Richard Gere, Joan Cusack, Hector Elizondo,Josann McGibbon, Sara Parriott,,,,,,,,,
Overboard,Episode 095,Garry Marshall,6.8,PG,106 min,16-Dec-87,Comedy, Romance,,,,,Goldie Hawn, Kurt Russell, Edward Herrmann, Katherine Helmond,Leslie Dixon,,,,,,,,,,
Masters of the Universe,Episode 096,Gary Goddard,5.4,PG,106 min,7-Aug-87,Action, Adventure, Fantasy, Sci-Fi, Thriller,,Dolph Lundgren, Frank Langella, Meg Foster, Billy Barty,David Odell,,,,,,,,,,
Dracula Untold,Episode 097,Gary Shore,6.3,PG-13,92 min,10-Oct-14,Action, Drama, Fantasy, Horror, War,,Luke Evans, Sarah Gadon, Dominic Cooper, Art Parkinson,Matt Sazama (screenplay), Burk Sharpless (screenplay), Bram Stoker (characters),,,,,,,,
X-Men Origins: Wolverine,Episode 098,Gavin Hood,6.6,PG-13,107 min,1-May-09,Action, Adventure, Sci-Fi, Thriller,,,Hugh Jackman, Liev Schreiber, Danny Huston, Will.i.am,David Benioff (screenplay), Skip Woods (screenplay),,,,,,,,,
Freejack,Episode 099,Geoff Murphy,5.3,R,110 min,17-Jan-92,Action, Crime, Sci-Fi, Thriller,,,Emilio Estevez, Mick Jagger, Rene Russo, Anthony Hopkins,Robert Sheckley (novel), Steven Pressfield (screen story), Ronald Shusett (screen story), Steven Pressfield (screenplay), Ronald Shusett (screenplay),,,,,,
Under Siege 2: Dark Territory,Episode 100,Geoff Murphy,5.4,R,100 min,14-Jul-95,Action, Thriller,,,,,Steven Seagal, Eric Bogosian, Everett McGill, Katherine Heigl,Richard Hatem, Matt Reeves, J.F. Lawton (characters),,,, Steven E. de Souza (screenplay),,,,
White Noise,Episode 101,Geoffrey Sax,5.5,PG-13,101 min,7-Jan-05,Drama, Horror, Mystery, Thriller,,,Michael Keaton, Chandra West, Deborah Kara Unger, Ian McNeice,Niall Johnson,,,,,,,,,,
Star Wars: Episode IV - A New Hope,Episode 102,George Lucas,8.6,PG,121 min,25-May-77,Action, Adventure, Fantasy, Sci-Fi,,,Mark Hamill, Harrison Ford, Carrie Fisher, Peter Cushing,George Lucas,,,,,,,,,,
Star Wars: Episode II - Attack of the Clones,Episode 103,George Lucas,6.6,PG,142 min,16-May-02,Action, Adventure, Fantasy, Sci-Fi,,,Ewan McGregor, Natalie Portman, Hayden Christensen, Christopher Lee,George Lucas (screenplay by), Jonathan Hales (screenplay by), George Lucas (story by),,,,,,,,
Cobra,Episode 104,George P. Cosmatos,5.7,R,87 min,23-May-86,Action, Crime, Thriller,,,,Sylvester Stallone, Brigitte Nielsen, Reni Santoni, Andrew Robinson,Paula Gosling (novel), Sylvester Stallone (screenplay),,,,,,,,,
Never Too Young to Die,Episode 105,Gil Bettman,5,R,92 min,13-Jun-86,Action, Adventure, Comedy,,,,John Stamos, Vanity, Gene Simmons, George Lazenby,Steven Paul (story), Stuart Paul (story), Steven Paul (screenplay), Anthony Foutz (screenplay),,,,,,,
Bordello of Blood,Episode 106,Gilbert Adler,5.3,R,87 min,16-Aug-96,Comedy, Fantasy, Horror,,,,John Kassir, Dennis Miller, Erika Eleniak, Angie Everhart,William M. Gaines (comic books &quot;Tales From the Crypt&quot;), Bob Gale (story), Robert Zemeckis (story), A L Katz (screenplay), Gilbert Adler (screenplay),,,,,,
Pray for Death,Episode 107,Gordon Hessler,5.8,R,92 min,1-Nov-85,Action, Crime, Drama,,,,Shô Kosugi, James Booth, Donna Kei Benz, Norman Burton,James Booth,,,,,, Rex Weiner (characters),,,,
Joysticks,Episode 108,Greydon Clark,4.2,R,88 min,4-Mar-83,Comedy,,,,,,Joe Don Baker, Leif Green, Jim Greenleaf, Scott McGinnis,Al Gomez, Mickey Epps, Curtis Burch,,,,,,,,
Addicted to Love,Episode 109,Griffin Dunne,6.1,R,100 min,23-May-97,Comedy, Romance,,,,,Meg Ryan, Matthew Broderick, Kelly Preston, Tchéky Karyo,Robert Gordon,,,,,,,,,,
Stroker Ace,Episode 110,Hal Needham,4.8,PG,96 min,1-Jul-83,Action, Comedy, Romance, Sport,,,Burt Reynolds, Ned Beatty, Jim Nabors, Parker Stevenson,William Neely (novel), Robert K. Ottum (novel), Hugh Wilson (screenplay), Hal Needham (screenplay), David E. Peckinpah,,,,,,
House Arrest,Episode 111,Harry Winer,5.8,PG,108 min,27-Nov-96,Comedy, Family,,,,,Kyle Howard, Herbert Russell, Jamie Lee Curtis, Kevin Pollak,Michael Hitchcock,,,,,, Chris Parker (screenplay),,,,
Off Beat,Episode 112,Hendrik Hölzemann,7.2,N/A,100 min,3-Feb-05,Drama, Romance,,,,,Matthias Schweighöfer, Jessica Schwarz, Jan-Gregor Kremp, Florian Lukas,Hendrik Hölzemann,,,,,,,,,,
Undercover Blues,Episode 113,Herbert Ross,6,PG-13,90 min,10-Sep-93,Comedy, Crime,,,,,Kathleen Turner, Dennis Quaid, Fiona Shaw, Stanley Tucci,Ian Abrams,,,,,,,,,,
Hackers,Episode 114,Iain Softley,6.2,PG-13,107 min,15-Sep-95,Comedy, Crime, Drama, Thriller,,,Jonny Lee Miller, Angelina Jolie, Jesse Bradford, Matthew Lillard,Rafael Moreu,,,,,,,,,,
Never Say Never Again,Episode 115,Irvin Kershner,6.2,PG,134 min,7-Oct-83,Action, Adventure, Thriller,,,,Sean Connery, Klaus Maria Brandauer, Max von Sydow, Barbara Carrera,Kevin McClory (based on an original story by), Jack Whittingham (based on an original story by), Ian Fleming (based on an original story by), Lorenzo Semple Jr. (screenplay),,,,,,,
The Net,Episode 116,Irwin Winkler,5.9,PG-13,114 min,28-Jul-95,Action, Crime, Drama, Mystery, Thriller,,Sandra Bullock, Jeremy Northam, Dennis Miller, Diane Baker,John Brancato, Michael Ferris,,,,,,,,,
Ghostbusters II,Episode 117,Ivan Reitman,6.5,PG,108 min,16-Jun-89,Action, Comedy, Fantasy, Sci-Fi,,,Bill Murray, Dan Aykroyd, Sigourney Weaver, Harold Ramis,Dan Aykroyd (characters), Harold Ramis (characters), Harold Ramis, Dan Aykroyd,,,,,,,
Child's Play 3,Episode 118,Jack Bender,5.1,R,90 min,30-Aug-91,Horror, Thriller,,,,,Justin Whalin, Perrey Reeves, Jeremy Sylvers, Travis Fine,Don Mancini (characters), Don Mancini,,,,,,,,,
Number One with a Bullet,Episode 119,Jack Smight,4.9,R,103 min,27-Feb-87,Action, Crime, Thriller,,,,Robert Carradine, Billy Dee Williams, Valerie Bertinelli, Peter Graves,Gail Morgan Hickman (story), Gail Morgan Hickman (screenplay), Andrew Kurtzman (screenplay), Rob Riley (screenplay), Jim Belushi (screenplay),,,,,,
Terminator 2: Judgment Day,Episode 120,James Cameron,8.5,R,137 min,3-Jul-91,Action, Sci-Fi,,,,,Arnold Schwarzenegger, Linda Hamilton, Edward Furlong, Robert Patrick,James Cameron, William Wisher,,,,,,,,,
Heart Condition,Episode 121,James D. Parriott,5.6,R,100 min,2-Feb-90,Comedy, Crime, Drama, Fantasy,,,Bob Hoskins, Denzel Washington, Chloe Webb, Roger E. Mosley,James D. Parriott,,,,,,,,,,
Every Which Way But Loose,Episode 122,James Fargo,6.3,PG,114 min,20-Dec-78,Action, Comedy,,,,,Clint Eastwood, Sondra Locke, Geoffrey Lewis, Beverly D'Angelo,Jeremy Joe Kronsberg,,,,,,,,,,
Perfect Stranger,Episode 123,James Foley,5.7,R,109 min,13-Apr-07,Crime, Drama, Horror, Mystery, Thriller,,Halle Berry, Bruce Willis, Giovanni Ribisi, Richard Portnow,Todd Komarnicki (screenplay), Jon Bokenkamp (story),,,,,,,,,
Jason X,Episode 124,James Isaac,4.4,R,91 min,26-Apr-02,Action, Horror, Sci-Fi, Thriller,,,Kane Hodder, Jeff Geddis, Lexa Doig, David Cronenberg,Victor Miller (characters), Todd Farmer,,,,,,,,,
Nightmare Beach,Episode 125,James Justice,5.4,R,90 min,1-Sep-89,Horror,,,,,,Nicolas De Toth, Sarah Buxton, Rawley Valverde, Lance LeGault,Umberto Lenzi (story), Vittorio Rambaldi (story), Umberto Lenzi (screenplay), James Justice (screenplay),,,,,,,
The Raven,Episode 126,James McTeigue,6.4,R,110 min,27-Apr-12,Crime, Mystery, Thriller,,,,John Cusack, Luke Evans, Alice Eve, Brendan Gleeson,Hannah Shakespeare, Ben Livingston,,,,,,,,,
The Jerky Boys,Episode 127,James Melkonian,4.6,R,82 min,3-Feb-95,Comedy, Crime,,,,,John G. Brennan, Kamal Ahmed, Alan Arkin, William Hickey,James Melkonian, Rich Wilkes, John G. Brennan, Kamal Ahmed,,,,,,,
Mr. Destiny,Episode 128,James Orr,6.4,PG-13,110 min,12-Oct-90,Comedy, Fantasy, Romance,,,,Jim Belushi, Linda Hamilton, Michael Caine, Jon Lovitz,James Orr, Jim Cruickshank,,,,,,,,,
Saw,Episode 129,James Wan,7.6,R,103 min,29-Oct-04,Horror, Mystery,,,,,Leigh Whannell, Cary Elwes, Danny Glover, Ken Leung,Leigh Whannell, James Wan (story), Leigh Whannell (story),,,,,,,,
The One,Episode 130,James Wong,5.9,PG-13,87 min,2-Nov-01,Action, Sci-Fi, Thriller,,,,Jet Li, Carla Gugino, Delroy Lindo, Jason Statham,Glen Morgan, James Wong,,,,,,,,,
Double Dragon,Episode 131,James Yukich,3.7,PG-13,96 min,4-Nov-94,Action, Adventure, Comedy, Sci-Fi,,,Robert Patrick, Mark Dacascos, Scott Wolf, Kristina Wagner,Paul Dini (story), Neal Shusterman (story), Michael Davis (screenplay), Peter Gould (screenplay),,,,,,,
Urban Legend,Episode 132,Jamie Blanks,5.5,R,99 min,25-Sep-98,Horror, Mystery,,,,,Jared Leto, Alicia Witt, Rebecca Gayheart, Michael Rosenbaum,Silvio Horta,,,,,, Kerry Ehrin (screenplay), Zak Penn (screenplay),,,
Speed 2: Cruise Control,Episode 133,Jan de Bont,3.8,PG-13,121 min,13-Jun-97,Action, Adventure, Crime, Romance, Thriller,,Sandra Bullock, Jason Patric, Willem Dafoe, Temuera Morrison,Graham Yost (characters), Jan de Bont (story), Randall McCormick (story), Randall McCormick (screenplay), Jeff Nathanson (screenplay),,,,,,
Twister,Episode 134,Jan de Bont,6.3,PG-13,113 min,10-May-96,Action, Adventure, Drama, Thriller,,,Helen Hunt, Bill Paxton, Cary Elwes, Jami Gertz,Michael Crichton, Anne-Marie Martin,,,,,,,,,
A Shock to the System,Episode 135,Jan Egleson,6.8,R,88 min,23-Mar-90,Comedy, Crime, Thriller,,,,Michael Caine, Elizabeth McGovern, Peter Riegert, Swoosie Kurtz,Simon Brett (novel), Andrew Klavan (screenplay),,,,,,,,,
Masterminds,Episode 136,Jared Hess,5.8,PG-13,95 min,30-Sep-16,Action, Comedy, Crime,,,,Zach Galifianakis, Kristen Wiig, Owen Wilson, Ross Kimball,Chris Bowman (screenplay), Hubbel Palmer (screenplay), Emily Spivey (screenplay), Emily Spivey (story), Chris Bowman (story),,,,,,
Visiting Hours,Episode 137,Jean-Claude Lord,5.6,R,103 min,28-May-82,Horror, Thriller,,,,,Michael Ironside, Lee Grant, Linda Purl, William Shatner,Brian Taggert (screenplay),,,,,,,,,,
Santa Claus: The Movie,Episode 138,Jeannot Szwarc,6.1,PG,107 min,27-Nov-85,Adventure, Family, Fantasy,,,,Dudley Moore, John Lithgow, David Huddleston, Burgess Meredith,David Newman (story), Leslie Newman (story), David Newman (screenplay),,,,,,,,
The Mating Habits of the Earthbound Human,Episode 139,Jeff Abugov,6.4,R,88 min,3-Sep-99,Comedy, Sci-Fi,,,,,David Hyde Pierce, Mackenzie Astin, Carmen Electra, Markus Redmond,Jeff Abugov,,,,,,,,,,
Chopping Mall,Episode 140,Jim Wynorski,5.6,R,77 min,21-Mar-86,Comedy, Horror, Sci-Fi,,,,Kelli Maroney, Tony O'Dell, Russell Todd, Karrie Emerson,Jim Wynorski, Steve Mitchell,,,,,,,,,
Loverboy,Episode 141,Joan Micklin Silver,6,PG-13,98 min,28-Apr-89,Comedy,,,,,,Patrick Dempsey, Kate Jackson, Robert Ginty, Nancy Valen,Robin Schiff (story), Robin Schiff (screenplay), Tom Ropelewski (screenplay), Leslie Dixon (screenplay),,,,,,,
Invisible Child,Episode 142,Joan Micklin Silver,5,NOT RATED,120 min,8-Mar-99,Drama,,,,,,Rita Wilson, Victor Garber, Tushka Bergen, Mae Whitman,Ronald Bass (story), David Field (story), David Field (teleplay),,,,,,,,
Halloween: The Curse of Michael Myers,Episode 143,Joe Chappelle,4.9,R,87 min,29-Sep-95,Horror, Thriller,,,,,Donald Pleasence, Paul Rudd, Marianne Hagan, Mitchell Ryan,Debra Hill (characters), John Carpenter (characters), Daniel Farrands,,,,,,,,
The Watcher,Episode 144,Joe Charbanic,5.3,R,97 min,8-Sep-00,Crime, Horror, Mystery,,,,James Spader, Marisa Tomei, Keanu Reeves, Ernie Hudson,Darcy Meyers (story), David Elliot (story), David Elliot (screenplay), Clay Ayers (screenplay),,,,,,,
Jurassic Park III,Episode 145,Joe Johnston,5.9,PG-13,92 min,18-Jul-01,Action, Adventure, Sci-Fi, Thriller,,,Sam Neill, William H. Macy, Téa Leoni, Alessandro Nivola,Michael Crichton (characters), Peter Buchman, Alexander Payne, Jim Taylor,,,,,,,
Space Jam,Episode 146,Joe Pytka,6.4,PG,88 min,15-Nov-96,Animation, Adventure, Comedy, Family, Fantasy, Sci-Fi, Sport,Michael Jordan, Wayne Knight, Theresa Randle, Manner Washington,Leo Benvenuti, Steve Rudnick, Timothy Harris, Herschel Weingrod,,,,,,
Batman Forever,Episode 147,Joel Schumacher,5.4,PG-13,121 min,16-Jun-95,Action, Adventure, Fantasy,,,,Val Kilmer, Tommy Lee Jones, Jim Carrey, Nicole Kidman,Bob Kane (characters), Lee Batchler (story), Janet Scott Batchler (story), Lee Batchler (screenplay), Janet Scott Batchler (screenplay),,,,,,
Drop Zone,Episode 148,John Badham,5.6,R,101 min,9-Dec-94,Action, Adventure, Thriller,,,,Wesley Snipes, Gary Busey, Yancy Butler, Michael Jeter,Tony Griffin (story), Guy Manos (story), Peter Barsocchini (story), Peter Barsocchini (screenplay), John Bishop (screenplay),,,,,,
Ghosts Can't Do It,Episode 149,John Derek,2.3,R,90 min,1-Jun-90,Comedy, Crime, Fantasy, Romance,,,Bo Derek, Anthony Quinn, Don Murray, Julie Newmar,John Derek (by),,,,,,,,,,
Brainscan,Episode 150,John Flynn,6.1,R,96 min,22-Apr-94,Comedy, Horror, Sci-Fi, Thriller,,,Edward Furlong, Frank Langella, T. Ryder Smith, Amy Hargreaves,Brian Owens (story), Andrew Kevin Walker (screenplay),,,,,,,,,
The Karate Kid Part III,Episode 151,John G. Avildsen,5.1,PG,112 min,30-Jun-89,Action, Drama, Family, Sport,,,Ralph Macchio, Pat Morita, Robyn Lively, Thomas Ian Griffith,Robert Mark Kamen (characters), Robert Mark Kamen,,,,,,,,,
Next of Kin,Episode 152,John Irvin,5.8,R,108 min,20-Oct-89,Action, Crime, Thriller,,,,Patrick Swayze, Liam Neeson, Adam Baldwin, Helen Hunt,Michael Jenning,,,,,,,,,,
The Ewok Adventure,Episode 153,John Korty,5.5,N/A,96 min,25-Nov-84,Adventure, Family, Fantasy, Sci-Fi,,,Eric Walker, Warwick Davis, Fionnula Flanagan, Guy Boyd,George Lucas (story), Bob Carrau (teleplay),,,,,,,,,
Man's Best Friend,Episode 154,John Lafia,5.1,R,87 min,19-Nov-93,Comedy, Horror, Sci-Fi, Thriller,,,Ally Sheedy, Lance Henriksen, Robert Costanzo, Fredric Lehne,John Lafia,,,,,,,,,,
A Good Day to Die Hard,Episode 155,John Moore,5.3,R,98 min,14-Feb-13,Action, Thriller,,,,,Bruce Willis, Jai Courtney, Sebastian Koch, Mary Elizabeth Winstead,Skip Woods, Roderick Thorp (certain original characters by),,,,,,,,,
Jungle 2 Jungle,Episode 156,John Pasquin,5.1,PG,105 min,7-Mar-97,Comedy, Family,,,,,Tim Allen, Martin Short, JoBeth Williams, Lolita Davidovich,Hervé Palud (earlier screenplay Un indien dans la ville), Thierry Lhermitte (earlier screenplay Un indien dans la ville), Jean-Marie Pallardy (earlier screenplay Un indien dans la ville), Philippe Bruneau (earlier screenplay Un indien dans la ville), Bruce A. Evans (screenplay),,,,,,
Ernest Scared Stupid,Episode 157,John R. Cherry III,5.8,PG,91 min,11-Oct-91,Comedy, Family, Fantasy,,,,Jim Varney, Eartha Kitt, Austin Nagler, Shay Astar,John R. Cherry III (story), Coke Sams (story), Charles Gale (screenplay), Coke Sams (screenplay),,,,,,,
Mortal Kombat: Annihilation,Episode 158,John R. Leonetti,3.7,PG-13,95 min,21-Nov-97,Action, Adventure, Fantasy, Sci-Fi, Thriller,,Robin Shou, Talisa Soto, James Remar, Sandra Hess,Ed Boon (video games), Lawrence Kasanoff (story), Joshua Wexler (story), John Tobias (story), Brent V. Friedman (screenplay),,,,,,
Hard Target,Episode 159,John Woo,6.1,R,97 min,20-Aug-93,Action, Thriller,,,,,Chuck Pfarrer, Robert Apisa, Arnold Vosloo, Lance Henriksen,Chuck Pfarrer,,,,,,,,,,
The Core,Episode 160,Jon Amiel,5.5,PG-13,135 min,28-Mar-03,Action, Adventure, Sci-Fi, Thriller,,,Christopher Shyer, Ray Galletti, Eileen Pedde, Rekha Sharma,Cooper Layne, John Rogers,,,,,,,,,
Copycat,Episode 161,Jon Amiel,6.6,R,123 min,27-Oct-95,Drama, Mystery, Thriller,,,,Sigourney Weaver, Holly Hunter, Dermot Mulroney, William McNamara,Ann Biderman, David Madsen,,,,,,,,,
Cop and a Half: New Recruit,Episode 162,Jonathan A. Rosenbaum,5.6,PG,97 min,10-Aug-17,Action, Adventure, Comedy, Crime, Family, Mystery,Lou Diamond Phillips, Lulu Wilson, Janet Kidder, Michael Coleman,Scott Bindley, Arne Olsen (based on stories and characters by), Arne Olsen (story by), Adrian Vina,,,,,,,
Star Trek: Insurrection,Episode 163,Jonathan Frakes,6.4,PG,103 min,11-Dec-98,Action, Adventure, Sci-Fi, Thriller,,,Patrick Stewart, Jonathan Frakes, Brent Spiner, LeVar Burton,Gene Roddenberry (creator: &quot;Star Trek&quot;), Rick Berman (story), Michael Piller (story), Michael Piller (screenplay),,, Dan Gilroy (screenplay),,,,
The Punisher,Episode 164,Jonathan Hensleigh,6.5,R,124 min,16-Apr-04,Action, Adventure, Crime, Drama, Thriller,,A. Russell Andrews, Omar Avila, James Carpinello, Mark Collie,Jonathan Hensleigh, Michael France,,,,,,,,,
Terminator 3: Rise of the Machines,Episode 165,Jonathan Mostow,6.3,R,109 min,2-Jul-03,Action, Sci-Fi,,,,,Arnold Schwarzenegger, Nick Stahl, Claire Danes, Kristanna Loken,James Cameron (characters), Gale Anne Hurd (characters), John Brancato (story), Michael Ferris (story), Tedi Sarafian (story),,,,,,
Camp Nowhere,Episode 166,Jonathan Prince,6,PG,96 min,26-Aug-94,Adventure, Comedy, Family,,,,John Putch, Peter Scolari, Romy Windsor, Jonathan Jackson,Andrew Kurtzman, Eliot Wald,,,,, Akiva Goldsman (screenplay),,,,
My Science Project,Episode 167,Jonathan R. Betuel,6,PG,94 min,9-Aug-85,Action, Adventure, Comedy, Sci-Fi,,,John Stockwell, Danielle von Zerneck, Fisher Stevens, Raphael Sbarge,Jonathan R. Betuel,,,,,,,,,,
Canvas,Episode 168,Joseph Greco,6.7,PG-13,101 min,12-Dec-08,Drama,,,,,,Griffin Miner, Marcia Gay Harden, Devon Gearhart, Julie Upton,Joseph Greco,,,,,,,,,,
Money Train,Episode 169,Joseph Ruben,5.6,R,110 min,22-Nov-95,Action, Comedy, Crime, Drama, Thriller,,Wesley Snipes, Woody Harrelson, Jennifer Lopez, Robert Blake,Doug Richardson (story), Doug Richardson (screenplay), David Loughery (screenplay),,,,,,,,
The Good Son,Episode 170,Joseph Ruben,6.4,R,87 min,24-Sep-93,Drama, Horror, Thriller,,,,Macaulay Culkin, Elijah Wood, Wendy Crewson, David Morse,Ian McEwan,,,,,,,,,,
Jaws: The Revenge,Episode 171,Joseph Sargent,2.9,PG-13,89 min,17-Jul-87,Adventure, Horror, Thriller,,,,Lorraine Gary, Lance Guest, Mario Van Peebles, Karen Young,Peter Benchley (characters), Michael De Guzman,,,,,,,,,
Poison Ivy,Episode 172,Katt Shea,5.4,R,90 min,8-May-92,Drama, Thriller,,,,,Sara Gilbert, Drew Barrymore, Tom Skerritt, Cheryl Ladd,Melissa Goddard (story), Andy Ruben (screenplay), Katt Shea (screenplay),,,,,,,,
The New Adventures of Pippi Longstocking,Episode 173,Ken Annakin,5.9,G,100 min,29-Jul-88,Adventure, Family, Fantasy, Musical,,,Tami Erin, David Seaman, Cory Crow, Eileen Brennan,Astrid Lindgren (books), Ken Annakin,,,,, Sean Catherine Derek (screenplay), Lawrence Kasanoff (screenplay),,,
Steel,Episode 174,Kenneth Johnson,2.8,PG-13,97 min,15-Aug-97,Action, Crime, Sci-Fi,,,,Shaquille O'Neal, Annabeth Gish, Judd Nelson, Richard Roundtree,Louise Simonson (comic book series), Jon Bogdanove (comic book series), Kenneth Johnson,,,,,,,,
Robin Hood: Prince of Thieves,Episode 175,Kevin Reynolds,6.9,PG-13,143 min,14-Jun-91,Action, Adventure, Drama, Romance,,,Kevin Costner, Morgan Freeman, Mary Elizabeth Mastrantonio, Christian Slater,Pen Densham (story), Pen Densham (screenplay), John Watson (screenplay),,,,,,,,
Waterworld,Episode 176,Kevin Reynolds,6.2,PG-13,135 min,28-Jul-95,Action, Adventure, Sci-Fi, Thriller,,,Kevin Costner, Chaim Jeraffi, Rick Aviles, R.D. Call,Peter Rader, David Twohy,,,,,,,,,
Texas Chainsaw Massacre: The Next Generation,Episode 177,Kim Henkel,3.2,R,95 min,21-Oct-95,Comedy, Horror, Thriller,,,,Renée Zellweger, Matthew McConaughey, Robert Jacks, Tonie Perensky,Kim Henkel (characters), Tobe Hooper (characters), Kim Henkel,,,,,,,,
Mystery Men,Episode 178,Kinka Usher,6.1,PG-13,121 min,6-Aug-99,Action, Comedy, Fantasy, Sci-Fi,,,Hank Azaria, Janeane Garofalo, William H. Macy, Kel Mitchell,Neil Cuthbert, Bob Burden (comic book series),,,,, Jerry Stahl (screenplay),,,,
Ultraviolet,Episode 179,Kurt Wimmer,4.4,PG-13,88 min,3-Mar-06,Action, Sci-Fi, Thriller,,,,Milla Jovovich, Cameron Bright, Nick Chinlund, Sebastien Andrieu,Kurt Wimmer,,,,,,,,,,
Jupiter Ascending,Episode 180,Lana Wachowski,5.3,PG-13,127 min,6-Feb-15,Action, Adventure, Sci-Fi,,,,Mila Kunis, Channing Tatum, Sean Bean, Eddie Redmayne,Lilly Wachowski, Lana Wachowski,,,,,,,,,
The Matrix Revolutions,Episode 181,Lana Wachowski,6.7,R,129 min,5-Nov-03,Action, Sci-Fi,,,,,Mary Alice, Tanveer K. Atwal, Helmut Bakaitis, Kate Beahan,Lilly Wachowski, Lana Wachowski, Lilly Wachowski (characters), Lana Wachowski (characters),,,,,,,
Son of the Mask,Episode 182,Lawrence Guterman,2.2,PG,94 min,18-Feb-05,Comedy, Family, Fantasy,,,,Jamie Kennedy, Alan Cumming, Liam Falconer, Ryan Falconer,Lance Khazei,,,,,,,,,,
Foodfight!,Episode 183,Lawrence Kasanoff,1.8,PG,91 min,12-Feb-13,Animation, Action, Comedy, Family, Fantasy, Mystery, Sci-Fi,Charlie Sheen, Hilary Duff, Eva Longoria, Wayne Brady,Lawrence Kasanoff (story), Joshua Wexler (story), Brent V. Friedman (screenplay), Rebecca Swanson (screenplay),,,,,,
Dreamcatcher,Episode 184,Lawrence Kasdan,5.5,R,134 min,21-Mar-03,Drama, Horror, Sci-Fi, Thriller,,,Morgan Freeman, Thomas Jane, Jason Lee, Damian Lewis,Stephen King (novel), William Goldman (screenplay), Lawrence Kasdan (screenplay),,,,,,,,
Die Another Day,Episode 185,Lee Tamahori,6.1,PG-13,133 min,22-Nov-02,Action, Adventure, Thriller,,,,Pierce Brosnan, Halle Berry, Toby Stephens, Rosamund Pike,Ian Fleming (characters), Neal Purvis, Robert Wade,,,,,,,,
Encino Man,Episode 186,Les Mayfield,5.7,PG,88 min,22-May-92,Comedy,,,,,,Sean Astin, Brendan Fraser, Pauly Shore, Megan Ward,George Zaloom (story), Shawn Schepps (story), Shawn Schepps (screenplay),,,,,,,,
Cat's Eye,Episode 187,Lewis Teague,6.3,PG-13,94 min,12-Apr-85,Comedy, Horror, Thriller,,,,Drew Barrymore, James Woods, Alan King, Kenneth McMillan,Stephen King (screenplay),,,,,, Norman Snider (screenplay),,,,
Retroactive,Episode 188,Louis Morneau,6.3,R,91 min,1-Jan-97,Action, Crime, Drama, Sci-Fi, Thriller,,Jim Belushi, Kylie Travis, Shannon Whirry, Frank Whaley,Michael Hamilton-Wright, Robert Strauss, Phillip Badger,,,,,,,,
American Shaolin,Episode 189,Lucas Lowe,5.9,PG-13,106 min,23-Jul-92,Action,,,,,,Reese Madigan, Trent Bushey, Daniel Dae Kim, Billy Chang,Keith W. Strandberg,,,,,,,,,,
Anaconda,Episode 190,Luis Llosa,4.7,PG-13,89 min,11-Apr-97,Action, Adventure, Horror, Thriller,,,Jennifer Lopez, Ice Cube, Jon Voight, Eric Stoltz,Hans Bauer, Jim Cash, Jack Epps Jr.,,,,,,,,
After Earth,Episode 191,M. Night Shyamalan,4.8,PG-13,100 min,31-May-13,Action, Adventure, Sci-Fi,,,,Jaden Smith, Will Smith, Sophie Okonedo, Zoë Kravitz,Gary Whitta (screenplay), M. Night Shyamalan (screenplay), Will Smith (story),,,,,,,,
Lady in the Water,Episode 192,M. Night Shyamalan,5.6,PG-13,110 min,21-Jul-06,Drama, Fantasy, Mystery, Thriller,,,Paul Giamatti, Bryce Dallas Howard, Jeffrey Wright, Bob Balaban,M. Night Shyamalan,,,,,,,,,,
The Happening,Episode 193,M. Night Shyamalan,5,R,91 min,13-Jun-08,Mystery, Sci-Fi, Thriller,,,,Mark Wahlberg, Zooey Deschanel, John Leguizamo, Ashlyn Sanchez,M. Night Shyamalan,,,,,,,,,,
Dr. Giggles,Episode 194,Manny Coto,5.1,R,95 min,23-Oct-92,Comedy, Drama, Horror, Mystery, Thriller,,Larry Drake, Holly Marie Combs, Cliff De Young, Glenn Quinn,Manny Coto, Graeme Whifler,,,,,,,,,
The Amazing Spider-Man 2,Episode 195,Marc Webb,6.6,PG-13,142 min,2-May-14,Action, Adventure, Sci-Fi,,,,Andrew Garfield, Emma Stone, Jamie Foxx, Dane DeHaan,Alex Kurtzman (screenplay), Roberto Orci (screenplay), Jeff Pinkner (screenplay), Alex Kurtzman (screen story), Roberto Orci (screen story),,,,,,
Demolition Man,Episode 196,Marco Brambilla,6.6,R,115 min,8-Oct-93,Action, Crime, Sci-Fi, Thriller,,,Sylvester Stallone, Wesley Snipes, Sandra Bullock, Nigel Hawthorne,Peter M. Lenkov (story), Robert Reneau (story), Daniel Waters (screenplay), Robert Reneau (screenplay), Peter M. Lenkov (screenplay),,,,,,
Spawn,Episode 197,Mark A.Z. Dippé,5.2,R,96 min,1-Aug-97,Action, Horror,,,,,Michael Jai White, John Leguizamo, Martin Sheen, Theresa Randle,Todd McFarlane (comic book), Alan B. McElroy (screen story), Mark A.Z. Dippé (screen story), Alan B. McElroy (screenplay),,,,,,,
Dead Heat,Episode 198,Mark Goldblatt,6,R,86 min,6-May-88,Action, Comedy, Horror, Sci-Fi, Thriller,,Treat Williams, Joe Piscopo, Lindsay Frost, Darren McGavin,Terry Black,,,,,,,,,,
Ghost Rider: Spirit of Vengeance,Episode 199,Mark Neveldine,4.3,PG-13,96 min,17-Feb-12,Action, Fantasy, Thriller,,,,Nicolas Cage, Violante Placido, Ciarán Hinds, Idris Elba,Scott M. Gimple (screenplay), Seth Hoffman (screenplay), David S. Goyer (screenplay), David S. Goyer (story),,,,,,,
Green Lantern,Episode 200,Martin Campbell,5.5,PG-13,114 min,17-Jun-11,Action, Adventure, Sci-Fi,,,,Ryan Reynolds, Blake Lively, Peter Sarsgaard, Mark Strong,Greg Berlanti (screenplay), Michael Green (screenplay), Marc Guggenheim (screenplay), Michael Goldenberg (screenplay), Greg Berlanti (screen story),,,,,,
A Letter from Death Row,Episode 201,Marvin Baker,4.1,R,89 min,17-Nov-98,Crime, Drama, Mystery,,,,Bret Michaels, Martin Sheen, Kristi Gibson, Simon Elsworth,Bret Michaels,,,,,,,,,,
Pet Sematary II,Episode 202,Mary Lambert,4.8,R,100 min,28-Aug-92,Fantasy, Horror,,,,,Edward Furlong, Anthony Edwards, Clancy Brown, Jared Rushton,Richard Outten,,,,,,,,,,
The Pallbearer,Episode 203,Matt Reeves,4.9,PG-13,98 min,3-May-96,Comedy, Romance,,,,,David Schwimmer, Gwyneth Paltrow, Michael Rapaport, Toni Collette,Jason Katims, Matt Reeves,,,,,,,,,
Hider in the House,Episode 204,Matthew Patrick,5.9,R,104 min,29-Aug-91,Thriller,,,,,,Gary Busey, Mimi Rogers, Michael McKean, Kurt Christopher Kinder,Lem Dobbs,,,,,,,,,,
Maz Jobrani: I Come in Peace,Episode 205,Maz Jobrani,7.4,TV-14,72 min,26-Jan-13,Documentary, Comedy,,,,,Maz Jobrani,Maz Jobrani,,,,,,,,,,,,,
This Means War,Episode 206,McG,6.3,PG-13,103 min,17-Feb-12,Action, Comedy, Romance,,,,Reese Witherspoon, Chris Pine, Tom Hardy, Til Schweiger,Timothy Dowling (screenplay), Simon Kinberg (screenplay), Timothy Dowling (story), Marcus Gautesen (story),,,,,,,
Over the Top,Episode 207,Menahem Golan,5.7,PG,93 min,13-Feb-87,Action, Drama, Sport,,,,Sylvester Stallone, Robert Loggia, Susan Blakely, Rick Zumwalt,Gary Conway (story), David Engelbach (story), Stirling Silliphant (screenplay), Sylvester Stallone (screenplay),,,,,,,
Transformers: The Last Knight,Episode 208,Michael Bay,5.2,PG-13,154 min,21-Jun-17,Action, Adventure, Sci-Fi,,,,Mark Wahlberg, Anthony Hopkins, Josh Duhamel, Laura Haddock,Art Marcum (screenplay by), Matt Holloway (screenplay by), Ken Nolan (screenplay by), Akiva Goldsman (story by), Art Marcum (story by),,,,,,
Transformers: Revenge of the Fallen,Episode 209,Michael Bay,6,PG-13,150 min,24-Jun-09,Action, Adventure, Sci-Fi,,,,Shia LaBeouf, Megan Fox, Josh Duhamel, Tyrese Gibson,Ehren Kruger, Roberto Orci, Alex Kurtzman,,,,,,,,
Transformers: Dark of the Moon,Episode 210,Michael Bay,6.3,PG-13,154 min,29-Jun-11,Action, Adventure, Sci-Fi,,,,Shia LaBeouf, Rosie Huntington-Whiteley, Josh Duhamel, John Turturro,Ehren Kruger,,,,,,,,,,
Transformers: Age of Extinction,Episode 211,Michael Bay,5.7,PG-13,165 min,27-Jun-14,Action, Adventure, Sci-Fi,,,,Mark Wahlberg, Stanley Tucci, Kelsey Grammer, Nicola Peltz,Ehren Kruger,,,,,,,,,,
Armageddon,Episode 212,Michael Bay,6.7,PG-13,151 min,1-Jul-98,Action, Adventure, Sci-Fi, Thriller,,,Bruce Willis, Billy Bob Thornton, Ben Affleck, Liv Tyler,Jonathan Hensleigh (screenplay), J.J. Abrams (screenplay), Tony Gilroy (adaptation), Shane Salerno (adaptation), Robert Roy Pool (story),,,,,,
Transformers,Episode 213,Michael Bay,7.1,PG-13,144 min,3-Jul-07,Action, Adventure, Sci-Fi,,,,Shia LaBeouf, Megan Fox, Josh Duhamel, Tyrese Gibson,Roberto Orci (screenplay), Alex Kurtzman (screenplay), John Rogers (story), Roberto Orci (story), Alex Kurtzman (story),,,,,,
Bad Boys II,Episode 214,Michael Bay,6.6,R,147 min,18-Jul-03,Action, Comedy, Crime, Drama, Thriller,,Martin Lawrence, Will Smith, Jordi Mollŕ, Gabrielle Union,George Gallo (characters), Marianne Wibberley (story), Cormac Wibberley (story), Ron Shelton (story), Ron Shelton (screenplay),,,,,,
Hot to Trot,Episode 215,Michael Dinner,4.4,PG,83 min,26-Aug-88,Comedy, Fantasy,,,,,Bobcat Goldthwait, Dabney Coleman, John Candy, Virginia Madsen,Stephen Neigher (story), Hugo Gilbert (story), Stephen Neigher (screenplay), Hugo Gilbert (screenplay), Charlie Peters (screenplay),,,,,,
The Santa Clause 3: The Escape Clause,Episode 216,Michael Lembeck,4.7,G,97 min,3-Nov-06,Adventure, Comedy, Family, Fantasy,,,Tim Allen, Elizabeth Mitchell, Eric Lloyd, Judge Reinhold,Ed Decter, John J. Strauss, Leo Benvenuti (characters), Steve Rudnick (characters),,,,,,,
The Rapture,Episode 217,Michael Tolkin,6.4,R,100 min,4-Oct-91,Drama, Mystery,,,,,Mimi Rogers, Darwyn Carson, Patrick Bauchau, Marvin Elkins,Michael Tolkin,,,,,,,,,,
Death Wish 3,Episode 218,Michael Winner,5.9,R,92 min,1-Nov-85,Action, Crime, Drama, Thriller,,,Charles Bronson, Deborah Raffin, Ed Lauter, Martin Balsam,Don Jakoby, Brian Garfield (characters created by),,,,,,,,,
Volcano,Episode 219,Mick Jackson,5.5,PG-13,104 min,25-Apr-97,Action, Drama, Sci-Fi, Thriller,,,Tommy Lee Jones, Anne Heche, Gaby Hoffmann, Don Cheadle,Jerome Armstrong (story), Jerome Armstrong (screenplay), Billy Ray (screenplay),,,,,,,,
Hamburger: The Motion Picture,Episode 220,Mike Marvin,4.9,R,90 min,1-Jan-86,Comedy,,,,,,Leigh McCloskey, Dick Butkus, Randi Brooks, Chuck McCann,Donald Ross,,,,,,,,,,
Wolf,Episode 221,Mike Nichols,6.2,R,125 min,17-Jun-94,Drama, Horror, Romance, Thriller,,,Jack Nicholson, Michelle Pfeiffer, James Spader, Kate Nelligan,Jim Harrison, Wesley Strick,,,,,,,,,
Deep Impact,Episode 222,Mimi Leder,6.2,PG-13,120 min,8-May-98,Action, Drama, Romance, Sci-Fi, Thriller,,Robert Duvall, Téa Leoni, Elijah Wood, Vanessa Redgrave,Bruce Joel Rubin, Michael Tolkin,,,,,,,,,
Supergirl,Episode 223,N/A,6.5,TV-PG,43 min,26-Oct-15,Action, Adventure, Drama, Sci-Fi,,,Melissa Benoist, Mehcad Brooks, Chyler Leigh, David Harewood,Ali Adler, Greg Berlanti, Andrew Kreisberg,,,,,,,,
Daredevil,Episode 224,N/A,8.7,TV-MA,54 min,10-Apr-15,Action, Crime, Drama, Fantasy, Sci-Fi, Thriller,Charlie Cox, Deborah Ann Woll, Elden Henson, Vincent D'Onofrio,Drew Goddard,,,,,, Michael Ferris (screenplay), John Rogers (screenplay),,,
Power Rangers Ninja Steel,Episode 225,N/A,6.7,TV-Y7,21 min,21-Jan-17,Action, Sci-Fi,,,,,William Shewfelt, Nico Greetham, Zoë Robins, Peter Adrian Sudarso,Haim Saban, Power Rangers Story Department,,,,,,,,,
Avatar: The Last Airbender,Episode 226,N/A,9.2,TV-Y7-FV,23 min,N/A,Animation, Action, Adventure, Family, Fantasy, Mystery,Dee Bradley Baker, Zach Tyler, Mae Whitman, Jack De Sena,Michael Dante DiMartino, Bryan Konietzko,,,,,,,,,
Entourage,Episode 227,N/A,8.5,TV-MA,28 min,18-Jul-04,Comedy, Drama,,,,,Kevin Connolly, Adrian Grenier, Kevin Dillon, Jerry Ferrara,Doug Ellin,,,,,,,,,,
Three Men and a Baby Grand,Episode 228,N/A,5.4,N/A,30 min,N/A,Comedy,,,,,,Jonathan Biggins, Drew Forsythe, Phillip Scott,N/A,,,,,,,,,,,
Star Wars: Episode VII - The Force Awakens: The Story Awakens - The Table Read,Episode 229,N/A,6.9,PG-13,4 min,5-Apr-16,Documentary, Short,,,,,J.J. Abrams, John Boyega, Chris Clarke, Adam Driver,N/A,,,,,,,, Noel Langley (adaptation),,
The Haunting of Hill House,Episode 230,N/A,8.9,N/A,50 min,12-Oct-18,Drama, Horror, Mystery, Thriller,,,Michiel Huisman, Carla Gugino, Henry Thomas, Elizabeth Reaser,Mike Flanagan,,,,,,,,,,
It,WHM On-Screen,N/A,6.9,TV-14,192 min,18-Nov-90,Drama, Horror, Mystery, Thriller,,,Harry Anderson, Dennis Christopher, Richard Masur, Annette O'Toole,N/A,,,,,,,,,,
Psychomania: The Best of Psychedelic Rock,Episode 231,N/A,N/A,N/A,,26-Sep-93,Music,,,,,,N/A,N/A,,,,,,,,,,,,,
New Beginnings: The Making of Friday the 13th Part V - A New Beginning,Episode 232,N/A,8,N/A,11 min,16-Jun-09,Short,,,,,,Michael Felsher, Tiffany Helm, Harry Manfredini, Tom Morga,N/A,,,,,,,,,,
The Pack,Episode 233,Nick Robertson,5,NOT RATED,90 min,5-Feb-16,Horror, Thriller,,,,,Jack Campbell, Anna Lise Phillips, Katie Moore, Hamish Phillips,Evan Randall Green,,,,,,,,,,
You've Got Mail,Episode 234,Nora Ephron,6.6,PG,119 min,18-Dec-98,Comedy, Drama, Romance,,,,Tom Hanks, Meg Ryan, Greg Kinnear, Parker Posey,Miklós László (play), Nora Ephron (screenplay), Delia Ephron (screenplay),,,,,,,,
My Best Friend's Wedding,Episode 235,P.J. Hogan,6.3,PG-13,105 min,20-Jun-97,Comedy, Drama, Romance,,,,Julia Roberts, Dermot Mulroney, Cameron Diaz, Rupert Everett,Ronald Bass,,,,,,,,,,
Aspen Extreme,Episode 236,Patrick Hasburgh,5.9,PG-13,113 min,22-Jan-93,Drama, Romance, Sport,,,,Paul Gross, Peter Berg, Finola Hughes, Teri Polo,Patrick Hasburgh,,,,,,,,,,
Dracula 2000,Episode 237,Patrick Lussier,4.9,R,99 min,22-Dec-00,Action, Fantasy, Horror, Thriller,,,Gerard Butler, Christopher Plummer, Jonny Lee Miller, Justine Waddell,Joel Soisson (story), Patrick Lussier (story), Joel Soisson (screenplay),,,,,,,,
18 Again!,Episode 238,Paul Flaherty,5.7,PG,93 min,8-Apr-88,Comedy, Fantasy, Romance,,,,George Burns, Charlie Schlatter, Tony Roberts, Anita Morris,Josh Goldstein, Jonathan Prince,,,,,,,,,
The Running Man,Episode 239,Paul Michael Glaser,6.7,R,101 min,13-Nov-87,Action, Sci-Fi, Thriller,,,,Arnold Schwarzenegger, Maria Conchita Alonso, Yaphet Kotto, Jim Brown,Stephen King (novel), Steven E. de Souza (screenplay),,,,,,,,,
Babycakes,Episode 240,Paul Schneider,6.8,M,100 min,14-Feb-89,Comedy, Drama, Romance,,,,Ricki Lake, Craig Sheffer, Nada Despotovich, Paul Benedict,Percy Adlon (screenplay &quot;Zuckerbaby&quot;), Joyce Eliason (teleplay),,,,,,,,,
Cat People,Episode 241,Paul Schrader,6.1,R,118 min,2-Apr-82,Fantasy, Horror, Thriller,,,,Nastassja Kinski, Malcolm McDowell, John Heard, Annette O'Toole,DeWitt Bodeen (story), Alan Ormsby (screenplay),,,,,,, Nicolas Wright (story by),,
Hollow Man,Episode 242,Paul Verhoeven,5.7,R,112 min,4-Aug-00,Action, Horror, Sci-Fi, Thriller,,,Elisabeth Shue, Kevin Bacon, Josh Brolin, Kim Dickens,Gary Scott Thompson (story), Andrew W. Marlowe (story), Andrew W. Marlowe (screenplay),,,, Mary Shelley (characters),,,,
Mortal Kombat,Episode 243,Paul W.S. Anderson,5.8,PG-13,101 min,18-Aug-95,Action, Adventure, Fantasy, Sci-Fi, Thriller,,Christopher Lambert, Robin Shou, Linden Ashby, Cary-Hiroyuki Tagawa,Ed Boon (video games), John Tobias (video games), Kevin Droney,,,,,,,,
AVP: Alien vs. Predator,Episode 244,Paul W.S. Anderson,5.6,PG-13,101 min,13-Aug-04,Action, Horror, Sci-Fi, Thriller,,,Sanaa Lathan, Raoul Bova, Lance Henriksen, Ewen Bremner,Dan O'Bannon (&quot;Alien&quot; characters), Ronald Shusett (&quot;Alien&quot; characters), Jim Thomas (&quot;Predator&quot; characters), John Thomas (&quot;Predator&quot; characters), Paul W.S. Anderson (screen story),,,,,,
American Dreamz,Episode 245,Paul Weitz,5.5,PG-13,107 min,21-Apr-06,Comedy, Music,,,,,Hugh Grant, Dennis Quaid, Mandy Moore, Willem Dafoe,Paul Weitz,,,,,,,,,,
Senseless,Episode 246,Penelope Spheeris,6,R,93 min,20-Feb-98,Comedy, Romance,,,,,Marlon Wayans, Brad Dourif, Esther Scott, Debra Jo Rupp,Greg Erb, Craig Mazin,,,,,,,,,
Antitrust,Episode 247,Peter Howitt,6.1,PG-13,105 min,12-Jan-01,Action, Crime, Drama, Thriller,,,Ryan Phillippe, Rachael Leigh Cook, Claire Forlani, Tim Robbins,Howard Franklin,,,,,,,,,,
Timecop,Episode 248,Peter Hyams,5.8,R,99 min,16-Sep-94,Action, Crime, Sci-Fi, Thriller,,,Jean-Claude Van Damme, Mia Sara, Ron Silver, Bruce McGill,Mark Verheiden (screenplay), Mike Richardson (story), Mark Verheiden (story), Mike Richardson (comic series), Mark Verheiden (comic series),,,,,,
End of Days,Episode 249,Peter Hyams,5.7,R,122 min,24-Nov-99,Action, Fantasy, Horror, Thriller,,,Arnold Schwarzenegger, Gabriel Byrne, Robin Tunney, Kevin Pollak,Andrew W. Marlowe,,,,,,,,,,
Stay Tuned,Episode 250,Peter Hyams,6.1,PG,88 min,14-Aug-92,Adventure, Comedy, Fantasy,,,,John Ritter, Pam Dawber, Jeffrey Jones, David Tom,Tom S. Parker (screenplay), Jim Jennewein (screenplay), Tom S. Parker (story), Jim Jennewein (story), Richard Siegel (story),,,,,,
Rambo III,Episode 251,Peter MacDonald,5.8,R,102 min,25-May-88,Action, Adventure, Thriller, War,,,Sylvester Stallone, Richard Crenna, Marc de Jonge, Kurtwood Smith,David Morrell (characters), Sylvester Stallone, Sheldon Lettich,,,,,,,,
Walking Tall,Episode 252,Phil Karlson,7,R,125 min,22-Feb-73,Action, Crime, Drama,,,,Joe Don Baker, Elizabeth Hartman, Leif Garrett, Dawn Lyn,Mort Briskin, Stephen Downing,,,,,,,,,
Rising Sun,Episode 253,Philip Kaufman,6.2,R,129 min,30-Jul-93,Action, Crime, Drama, Mystery, Thriller,,Sean Connery, Wesley Snipes, Harvey Keitel, Cary-Hiroyuki Tagawa,Michael Crichton (novel), Philip Kaufman (screenplay), Michael Crichton (screenplay), Michael Backes (screenplay),,,,,,,
Twisted,Episode 254,Philip Kaufman,5.3,R,97 min,27-Feb-04,Crime, Drama, Mystery, Thriller,,,Ashley Judd, Samuel L. Jackson, Andy Garcia, David Strathairn,Sarah Thorp,,,,,,,,,,
One Magic Christmas,Episode 255,Phillip Borsos,6.6,G,89 min,22-Nov-85,Family, Fantasy,,,,,Mary Steenburgen, Gary Basaraba, Harry Dean Stanton, Arthur Hill,Thomas Meehan (story), Phillip Borsos (story), Barry Healey (story), Thomas Meehan,,,,,,,
Blind Fury,Episode 256,Phillip Noyce,6.3,R,86 min,16-Mar-90,Action, Comedy, Crime, Drama, Thriller,,Rutger Hauer, Terry O'Quinn, Brandon Call, Noble Willingham,Ryôzô Kasahara (earlier screenplay), Charles Robert Carner (screen story), Charles Robert Carner (screenplay),,,,,,,,
Catwoman,Episode 257,Pitof,3.3,PG-13,104 min,23-Jul-04,Action, Crime, Fantasy,,,,Halle Berry, Benjamin Bratt, Sharon Stone, Lambert Wilson,Bob Kane (characters), Theresa Rebeck (story), John Brancato (story), Michael Ferris (story), John Brancato (screenplay),,,,,,
Kill Bill: Vol. 1,Episode 258,Quentin Tarantino,8.1,R,111 min,10-Oct-03,Action, Crime, Thriller,,,,Uma Thurman, Lucy Liu, Vivica A. Fox, Daryl Hannah,Quentin Tarantino, Quentin Tarantino (character The Bride), Uma Thurman (character The Bride),,,,,,,,
Tank Girl,Episode 259,Rachel Talalay,5.3,R,104 min,31-Mar-95,Action, Comedy, Sci-Fi,,,,Lori Petty, Ice-T, Naomi Watts, Don Harvey,Alan Martin (comic strip), Jamie Hewlett (comic strip), Tedi Sarafian,,,,,,,,
Freddy's Dead: The Final Nightmare,Episode 260,Rachel Talalay,4.9,R,89 min,13-Sep-91,Fantasy, Horror,,,,,Robert Englund, Lisa Zane, Shon Greenblatt, Lezlie Deane,Wes Craven (characters), Rachel Talalay (story), Michael De Luca (screenplay),,,,,,,,
Ghost in the Machine,Episode 261,Rachel Talalay,4.4,R,95 min,29-Dec-93,Horror, Sci-Fi, Thriller,,,,Karen Allen, Chris Mulkey, Ted Marcoux, Wil Horneff,William Davies, William Osborne,,,,,,,,,
Houseguest,Episode 262,Randall Miller,6,PG,113 min,6-Jan-95,Comedy,,,,,,Sinbad, Phil Hartman, Kim Greist, Kim Murphy,Michael J. Di Gaetano, Lawrence Gay,,,,,,,,,
The Adventures of Ford Fairlane,Episode 263,Renny Harlin,6.3,R,104 min,11-Jul-90,Action, Adventure, Comedy, Crime, Music, Mystery,Andrew Dice Clay, Wayne Newton, Priscilla Presley, Morris Day,Daniel Waters (screenplay), James Cappe (screenplay), David Arnott (screenplay), James Cappe (story), David Arnott (story),,,,,,
Cliffhanger,Episode 264,Renny Harlin,6.4,R,113 min,28-May-93,Action, Adventure, Thriller,,,,Sylvester Stallone, John Lithgow, Michael Rooker, Janine Turner,John Long (premise), Michael France (screen story), Michael France (screenplay), Sylvester Stallone (screenplay),,,,,,,
Deep Blue Sea,Episode 265,Renny Harlin,5.8,R,105 min,28-Jul-99,Action, Sci-Fi, Thriller,,,,Thomas Jane, Saffron Burrows, Samuel L. Jackson, Jacqueline McKenzie,Duncan Kennedy, Donna Powers, Wayne Powers,,,,,,,,
Fuzz,Episode 266,Richard A. Colla,5.5,PG,92 min,3-Nov-72,Action, Comedy, Crime,,,,Burt Reynolds, Jack Weston, Tom Skerritt, Raquel Welch,Evan Hunter (novel), Evan Hunter (screenplay),,,,, John Brancato (screenplay), Michael Ferris (screenplay),,,
Lethal Weapon 4,Episode 267,Richard Donner,6.6,R,127 min,10-Jul-98,Action, Crime, Thriller,,,,Mel Gibson, Danny Glover, Joe Pesci, Rene Russo,Shane Black (characters), Jonathan Lemkin (story), Alfred Gough (story), Miles Millar (story), Channing Gibson (screenplay),,,,,,
Superman III,Episode 268,Richard Lester,4.9,PG,125 min,17-Jun-83,Action, Comedy, Sci-Fi,,,,Christopher Reeve, Richard Pryor, Jackie Cooper, Marc McClure,Jerry Siegel (character created by: Superman), Joe Shuster (character created by: Superman), David Newman (screenplay by), Leslie Newman (screenplay by),,,,,,,
Halloween: Resurrection,Episode 269,Rick Rosenthal,4.1,R,94 min,12-Jul-02,Horror, Thriller,,,,,Jamie Lee Curtis, Brad Loree, Busta Rhymes, Bianca Kajlich,Debra Hill (characters), John Carpenter (characters), Larry Brand (story), Larry Brand (screenplay), Sean Hood (screenplay),, Michael Green (screen story), Marc Guggenheim (screen story),,,
Reign of Fire,Episode 270,Rob Bowman,6.2,PG-13,101 min,12-Jul-02,Action, Adventure, Fantasy, Sci-Fi, Thriller,,Christian Bale, Matthew McConaughey, Izabella Scorupco, Gerard Butler,Gregg Chabot (story), Kevin Peterka (story), Gregg Chabot (screenplay), Kevin Peterka (screenplay), Matt Greenberg (screenplay),, Bryce Zabel (screenplay),,,,
Airborne,Episode 271,Rob Bowman,6.2,PG,91 min,17-Sep-93,Adventure, Comedy, Sport,,,,Shane McDermott, Seth Green, Brittney Powell, Chris Conrad,Bill Apablasa (screenplay), Stephen McEveety (story), Bill Apablasa (story),,,,,,,,
DragonHeart,Episode 272,Rob Cohen,6.4,PG-13,103 min,31-May-96,Action, Adventure, Fantasy,,,,Dennis Quaid, David Thewlis, Pete Postlethwaite, Dina Meyer,Patrick Read Johnson (story), Charles Edward Pogue (story), Charles Edward Pogue (screenplay),,,, Steve Sharon (screenplay),,,,
xXx,Episode 273,Rob Cohen,5.9,PG-13,124 min,9-Aug-02,Action, Adventure, Thriller,,,,Vin Diesel, Asia Argento, Marton Csokas, Samuel L. Jackson,Rich Wilkes,,,,,,,,,,
Stealth,Episode 274,Rob Cohen,5,PG-13,121 min,29-Jul-05,Action, Adventure, Sci-Fi, Thriller,,,Josh Lucas, Jessica Biel, Jamie Foxx, Sam Shepard,W.D. Richter,,,,,,,,,,
The Skulls,Episode 275,Rob Cohen,5.6,PG-13,106 min,31-Mar-00,Action, Crime, Drama, Thriller,,,Joshua Jackson, Paul Walker, Hill Harper, Leslie Bibb,John Pogue,,,,,,,,,,
Alex Cross,Episode 276,Rob Cohen,5.1,PG-13,101 min,19-Oct-12,Action, Crime, Mystery, Thriller,,,Tyler Perry, Edward Burns, Matthew Fox, Jean Reno,Marc Moss (screenplay), Kerry Williamson (screenplay), James Patterson (based on the novel &quot;Cross&quot; by),,,,,,,,
Friday the 13th Part VIII: Jason Takes Manhattan,Episode 277,Rob Hedden,4.6,R,100 min,28-Jul-89,Adventure, Horror, Thriller,,,,Todd Caldecott, Tiffany Paulsen, Tim Mirkovich, Kane Hodder,Rob Hedden, Victor Miller (characters),,,,,,,,,
North,Episode 278,Rob Reiner,4.4,PG,87 min,22-Jul-94,Adventure, Comedy, Drama, Family, Fantasy,,Elijah Wood, Jason Alexander, Julia Louis-Dreyfus, Marc Shaiman,Alan Zweibel (novel), Alan Zweibel (screenplay), Andrew Scheinman (screenplay),,,,,,,,
The Bucket List,Episode 279,Rob Reiner,7.4,PG-13,97 min,11-Jan-08,Adventure, Comedy, Drama,,,,Jack Nicholson, Morgan Freeman, Sean Hayes, Beverly Todd,Justin Zackham,,,,,,,,,,
Gymkata,Episode 280,Robert Clouse,4.3,R,90 min,3-May-85,Action, Drama,,,,,Kurt Thomas, Tetchie Agbayani, Richard Norton, Edward Bell,Charles Robert Carner (screenplay by), Dan Tyler Moore (based on the novel &quot;The Terrible Game&quot; by),,,,,,,,,
China O'Brien,Episode 281,Robert Clouse,5.1,R,86 min,10-Jan-92,Action,,,,,,Cynthia Rothrock, Richard Norton, Keith Cooke, Doug Wright,Robert Clouse (screenplay), Sandra Weintraub (story),,,,,,,,,
Moontrap,Episode 282,Robert Dyke,5,R,92 min,8-Jun-89,Horror, Sci-Fi,,,,,Walter Koenig, Bruce Campbell, Leigh Lombardi, Robert Kurcz,Tex Ragsdale (screenplay),,,,,,,, Paul W.S. Anderson (screenplay),,
976-EVIL,Episode 283,Robert Englund,5.1,R,92 min,24-Mar-89,Comedy, Horror,,,,,Stephen Geoffreys, Patrick O'Bryan, Sandy Dennis, Jim Metzler,Brian Helgeland, Rhet Topham,,,,,,,,,
Boys and Girls,Episode 284,Robert Iscove,5.4,PG-13,94 min,16-Jun-00,Comedy, Drama, Romance,,,,Brendon Ryan Barrett, Gay Thomas Wilson, Raquel Beaudene, Claire Forlani,Andrew Lowery, Andrew Miller,,,,,,,,,
She's All That,Episode 285,Robert Iscove,5.9,PG-13,95 min,29-Jan-99,Comedy, Romance,,,,,Freddie Prinze Jr., Rachael Leigh Cook, Matthew Lillard, Paul Walker,R. Lee Fleming Jr.,,,,,,,,,,
Weekend at Bernie's II,Episode 286,Robert Klane,4.7,PG,97 min,9-Jul-93,Adventure, Comedy, Fantasy,,,,Andrew McCarthy, Jonathan Silverman, Terry Kiser, Troy Byer,Robert Klane (characters), Robert Klane,,,,,,,,,
Wishmaster,Episode 287,Robert Kurtzman,5.8,R,90 min,19-Sep-97,Fantasy, Horror,,,,,Tammy Lauren, Andrew Divoff, Robert Englund, Chris Lemmon,Peter Atkins,,,,,,,,,,
Johnny Mnemonic,Episode 288,Robert Longo,5.6,R,96 min,26-May-95,Action, Crime, Sci-Fi, Thriller,,,Keanu Reeves, Dina Meyer, Ice-T, Takeshi Kitano,William Gibson (screenplay), William Gibson (short story),,,,, Robert Vince (story),,,,
The Substitute,Episode 289,Robert Mandel,5.9,R,114 min,19-Apr-96,Action, Crime, Drama, Thriller,,,Tom Berenger, Raymond Cruz, William Forsythe, Luis Guzmán,Roy Frumkes, Rocco Simonelli, Alan Ormsby,,,,,,,,
Free Enterprise,Episode 290,Robert Meyer Burnett,7,R,113 min,4-Jun-99,Comedy, Romance,,,,,Eric McCormack, Carl Bressler, Ethan Glazer, Phyllis Franklin,Mark A. Altman, Robert Meyer Burnett,,,,,,,,,
Russell Madness,Episode 291,Robert Vince,4.3,PG,92 min,10-May-15,Family,,,,,,Sean Giambrone, David Milchard, Steve Richmond, Jesse Reid,Aaron Brooks (screenplay), Kirsten Hansen (screenplay), Anna McRoberts (screenplay), Anna McRoberts (story), Robert Vince (screenplay),,,,,,
Back to the Future,Episode 292,Robert Zemeckis,8.5,PG,116 min,3-Jul-85,Adventure, Comedy, Sci-Fi,,,,Michael J. Fox, Christopher Lloyd, Lea Thompson, Crispin Glover,Robert Zemeckis, Bob Gale,,,,,,,,,
K-9,Episode 293,Rod Daniel,6,PG-13,101 min,28-Apr-89,Action, Comedy, Crime,,,,Jim Belushi, Mel Harris, Kevin Tighe, Ed O'Neill,Steven Siegel, Scott Myers,,,,,,,,,
Independence Day: Resurgence,Episode 294,Roland Emmerich,5.2,PG-13,120 min,24-Jun-16,Action, Adventure, Sci-Fi,,,,Liam Hemsworth, Jeff Goldblum, Jessie T. Usher, Bill Pullman,Nicolas Wright (screenplay by), James A. Woods (screenplay by), Dean Devlin (screenplay by), Roland Emmerich (screenplay by), James Vanderbilt (screenplay by),,,,,,
The Day After Tomorrow,Episode 295,Roland Emmerich,6.4,PG-13,124 min,28-May-04,Action, Adventure, Sci-Fi, Thriller,,,Dennis Quaid, Jake Gyllenhaal, Emmy Rossum, Dash Mihok,Roland Emmerich (story), Roland Emmerich (screenplay), Jeffrey Nachmanoff (screenplay),,,,,,,,
Deadlock,Episode 296,Roland Klick,6.8,N/A,85 min,24-Jul-72,Thriller, Western,,,,,Mario Adorf, Anthony Dawson, Marquard Bohm, Mascha Rabben,Roland Klick,,,,,,,,,,
Cocoon,Episode 297,Ron Howard,6.7,PG-13,117 min,21-Jun-85,Comedy, Drama, Sci-Fi,,,,Don Ameche, Wilford Brimley, Hume Cronyn, Brian Dennehy,Tom Benedek (screenplay), David Saperstein (story),,,,, James Justice (story),,,,
How the Grinch Stole Christmas,Episode 298,Ron Howard,6.1,PG,104 min,17-Nov-00,Comedy, Family, Fantasy,,,,Jim Carrey, Taylor Momsen, Kelley, Jeffrey Tambor,Dr. Seuss (book), Jeffrey Price (screenplay), Peter S. Seaman (screenplay),,,,,,,,
Freddy vs. Jason,Episode 299,Ronny Yu,5.8,R,97 min,15-Aug-03,Action, Horror,,,,,Robert Englund, Ken Kirzinger, Monica Keena, Jason Ritter,Wes Craven (characters), Victor Miller (characters), Damian Shannon, Mark Swift,,, Joe Shuster (Superman created by), William Moulton Marston (character created by: Wonder Woman),,,
Stigmata,Episode 300,Rupert Wainwright,6.2,R,103 min,10-Sep-99,Horror,,,,,,Patricia Arquette, Gabriel Byrne, Jonathan Pryce, Nia Long,Tom Lazarus (story), Tom Lazarus (screenplay), Rick Ramage (screenplay),,,,,,,,
Rise of the Planet of the Apes,Episode 301,Rupert Wyatt,7.6,PG-13,105 min,5-Aug-11,Action, Drama, Sci-Fi, Thriller,,,Andy Serkis, Karin Konoval, Terry Notary, Richard Ridings,Rick Jaffa, Amanda Silver,,,,,,,,,
Highlander II: The Quickening,Episode 302,Russell Mulcahy,4.1,R,91 min,1-Nov-91,Action, Adventure, Fantasy, Sci-Fi, Thriller,,Christopher Lambert, Sean Connery, Virginia Madsen, Michael Ironside,Gregory Widen (characters), Brian Clemens (story), William N. Panzer (story), Peter Bellwood (screenplay),,,,,,,
The Shadow,Episode 303,Russell Mulcahy,6,PG-13,108 min,1-Jul-94,Action, Adventure, Crime, Fantasy, Mystery, Thriller,Alec Baldwin, John Lone, Penelope Ann Miller, Peter Boyle,Walter B. Gibson (character The Shadow from stories), David Koepp,,,,, Florence Ryerson (screenplay), Edgar Allan Woolf (screenplay),,,
Ninja III: The Domination,Episode 304,Sam Firstenberg,5.1,R,92 min,14-Sep-84,Action, Fantasy, Thriller,,,,Shô Kosugi, Lucinda Dickey, Jordan Bennett, David Chung,James R. Silke,,,,,,,,,,
Zandalee,Episode 305,Sam Pillsbury,4.4,R,100 min,9-May-91,Drama, Romance, Thriller,,,,Nicolas Cage, Judge Reinhold, Erika Anderson, Joe Pantoliano,Mari Kornhauser,,,,,,,,,,
Spider-Man 3,Episode 306,Sam Raimi,6.2,PG-13,139 min,4-May-07,Action, Adventure, Sci-Fi,,,,Tobey Maguire, Kirsten Dunst, James Franco, Thomas Haden Church,Sam Raimi (screenplay), Ivan Raimi (screenplay), Alvin Sargent (screenplay), Sam Raimi (screen story), Ivan Raimi (screen story),,,,,,
Step Up Revolution,Episode 307,Scott Speer,6.5,PG-13,99 min,27-Jul-12,Drama, Music, Romance,,,,Cleopatra Coleman, Ryan Guzman, Misha Gabriel Hamilton, Michael 'Xeno' Langebeck,Amanda Brody, Duane Adler (characters),,,,,,,,,
Seventh Son,Episode 308,Sergei Bodrov,5.5,PG-13,102 min,6-Feb-15,Action, Adventure, Fantasy,,,,Jeff Bridges, Ben Barnes, Julianne Moore, Alicia Vikander,Charles Leavitt (screenplay), Steven Knight (screenplay), Matt Greenberg (screen story), Joseph Delaney (novel),,,,,,,
Pottersville,Episode 309,Seth Henrikson,5.2,PG-13,84 min,10-Nov-17,Comedy,,,,,,Michael Shannon, Judy Greer, Ron Perlman, Christina Hendricks,Daniel Meyer,,,,,,,,,,
Eight Crazy Nights,Episode 310,Seth Kearsley,5.3,PG-13,76 min,27-Nov-02,Animation, Comedy, Musical,,,,Adam Sandler, Jackie Sandler, Austin Stout, Kevin Nealon,Brooks Arthur, Allen Covert, Brad Isaacs, Adam Sandler,,,,,,,
Only the Strong,Episode 311,Sheldon Lettich,6.7,PG-13,99 min,27-Aug-93,Action, Drama,,,,,Mark Dacascos, Stacey Travis, Geoffrey Lewis, Paco Christian Prieto,Sheldon Lettich, Luis Esteban,,,,,,,,,
Nukie,Episode 312,Sias Odendaal,1.5,PG,95 min,1-Jul-87,Family, Sci-Fi,,,,,Glynis Johns, Steve Railsback, Ronald France, Siphiwe Mlangeni,Ben Taylor (screenplay), Sias Odendaal (original story),,,, John Fasano (screenplay), Jeb Stuart (screenplay), Larry Gross (screenplay),,,
Bee Movie,Episode 313,Simon J. Smith,6.1,PG,91 min,2-Nov-07,Animation, Adventure, Comedy, Family,,,Jerry Seinfeld, Renée Zellweger, Matthew Broderick, Patrick Warburton,Jerry Seinfeld, Spike Feresten, Barry Marder, Andy Robin,, Peter S. Seaman (screenplay),,,,,
Con Air,Episode 314,Simon West,6.8,R,115 min,6-Jun-97,Action, Crime, Thriller,,,,Colm Meaney, Mykelti Williamson, Nick Chinlund, Renoly Santiago,Scott Rosenberg,,,,,,,,,,
The Bye Bye Man,Episode 315,Stacy Title,4.3,PG-13,96 min,13-Jan-17,Horror, Thriller,,,,,Douglas Smith, Lucien Laviscount, Cressida Bonas, Doug Jones,Jonathan Penner (screenplay by), Robert Damon Schneck (based on &quot;The Bridge to Body Island&quot; by),,,,,,,,,
Blame It on Rio,Episode 316,Stanley Donen,5.7,R,100 min,17-Feb-84,Comedy, Romance,,,,,Michael Caine, Joseph Bologna, Valerie Harper, Michelle Johnson,Charlie Peters (screenplay), Larry Gelbart (screenplay),,,,,,,,,
Don't Tell Mom the Babysitter's Dead,Episode 317,Stephen Herek,6.1,PG-13,102 min,7-Jun-91,Comedy,,,,,,Christina Applegate, Joanna Cassidy, John Getz, Josh Charles,Neil Landau, Tara Ison,,,,,,,,,
Lost in Space,Episode 318,Stephen Hopkins,5.1,PG-13,130 min,3-Apr-98,Action, Adventure, Family, Sci-Fi, Thriller,,William Hurt, Mimi Rogers, Heather Graham, Lacey Chabert,Irwin Allen (television series), Akiva Goldsman,,,,,,,,,
Predator 2,Episode 319,Stephen Hopkins,6.3,R,108 min,21-Nov-90,Action, Horror, Sci-Fi, Thriller,,,Kevin Peter Hall, Danny Glover, Gary Busey, Rubén Blades,Jim Thomas (characters), John Thomas (characters), Jim Thomas, John Thomas,,,,,,,
Maximum Overdrive,Episode 320,Stephen King,5.4,R,98 min,25-Jul-86,Action, Comedy, Horror, Sci-Fi,,,Emilio Estevez, Pat Hingle, Laura Harrington, Yeardley Smith,Stephen King (film by), Stephen King (written for the screen by),,,,, Jeff Pinkner (screen story), James Vanderbilt (screen story),,,
The League of Extraordinary Gentlemen,Episode 321,Stephen Norrington,5.8,PG-13,110 min,11-Jul-03,Action, Adventure, Fantasy, Sci-Fi,,,Sean Connery, Naseeruddin Shah, Peta Wilson, Tony Curran,Alan Moore (comic books), Kevin O'Neill (comic books), James Robinson (screenplay),,,,,,,,
Van Helsing,Episode 322,Stephen Sommers,6.1,PG-13,131 min,7-May-04,Action, Adventure, Fantasy,,,,Hugh Jackman, Kate Beckinsale, Richard Roxburgh, David Wenham,Stephen Sommers,,,,,,,,,,
My Father the Hero,Episode 323,Steve Miner,5.4,PG,90 min,4-Feb-94,Comedy, Romance,,,,,Gérard Depardieu, Katherine Heigl, Dalton James, Lauren Hutton,Gérard Lauzier (screenplay &quot;Mon pčre,  ce héros&quot;), Francis Veber (screenplay), Charlie Peters (screenplay),,,,,,,
Street Fighter,Episode 324,Steven E. de Souza,3.9,PG-13,102 min,23-Dec-94,Action, Adventure, Comedy, Thriller,,,Jean-Claude Van Damme, Raul Julia, Ming-Na Wen, Damian Chapa,Steven E. de Souza,,,,,,,,,,
The Substitute 2: School's Out,Episode 325,Steven Pearl,5.1,R,89 min,3-Apr-98,Action, Crime, Thriller,,,,Owen Stadele, Edoardo Ballerini, Christopher Cousins, Chuck Jeffreys,Roy Frumkes (characters), Rocco Simonelli (characters), Alan Ormsby (characters), Roy Frumkes, Rocco Simonelli,,,,,,
On Deadly Ground,Episode 326,Steven Seagal,4.5,R,101 min,18-Feb-94,Action, Adventure, Thriller,,,,Steven Seagal, Michael Caine, Joan Chen, John C. McGinley,Ed Horowitz, Robin U. Russin,,,,,,,,,
Ocean's Twelve,Episode 327,Steven Soderbergh,6.5,PG-13,125 min,10-Dec-04,Crime, Thriller,,,,,Brad Pitt, Catherine Zeta-Jones, George Clooney, Ed Kross,George Nolfi, George Clayton Johnson (characters), Jack Golden Russell (characters),,,,,,,,
Indiana Jones and the Kingdom of the Crystal Skull,Episode 328,Steven Spielberg,6.2,PG-13,122 min,22-May-08,Action, Adventure, Fantasy,,,,Harrison Ford, Cate Blanchett, Karen Allen, Shia LaBeouf,David Koepp (screenplay), George Lucas (story), Jeff Nathanson (story), George Lucas (characters), Philip Kaufman (characters),,,,,,
The Lost World: Jurassic Park,Episode 329,Steven Spielberg,6.5,PG-13,129 min,23-May-97,Action, Adventure, Sci-Fi,,,,Jeff Goldblum, Julianne Moore, Pete Postlethwaite, Arliss Howard,Michael Crichton (novel), David Koepp (screenplay),,,,,,,,,
Ready Player One,Episode 330,Steven Spielberg,7.6,PG-13,140 min,29-Mar-18,Action, Adventure, Sci-Fi,,,,Tye Sheridan, Olivia Cooke, Ben Mendelsohn, Lena Waithe,Zak Penn (screenplay by), Ernest Cline (screenplay by), Ernest Cline (based on the novel by),,,,,,,,
Mac and Me,WHM On-Screen,Stewart Raffill,3.4,PG,95 min,12-Aug-88,Adventure, Family, Fantasy, Sci-Fi,,,Christine Ebersole, Jonathan Ward, Tina Caspary, Lauren Stanley,Stewart Raffill, Steve Feke,,,,,,,,,
"I, Frankenstein",Episode 331,Stuart Beattie,5.1,PG-13,92 min,24-Jan-14,Action, Fantasy, Horror, Sci-Fi, Thriller,,Aaron Eckhart, Yvonne Strahovski, Miranda Otto, Bill Nighy,Stuart Beattie (screenplay), Kevin Grevioux (screen story), Stuart Beattie (screen story), Kevin Grevioux (Darkstorm Studios graphic novel),,,,,,,
Teenage Mutant Ninja Turtles III,Episode 332,Stuart Gillard,4.8,PG,96 min,19-Mar-93,Action, Adventure, Comedy, Family, Fantasy, Sci-Fi,Elias Koteas, Paige Turco, Stuart Wilson, Sab Shimono,Kevin Eastman (based on characters created by), Peter Laird (based on characters created by), Stuart Gillard,,,,,,,,
I'll Always Know What You Did Last Summer,Episode 333,Sylvain White,3.6,R,92 min,22-Aug-06,Horror, Mystery, Thriller,,,,Brooke Nevin, David Paetkau, Torrey DeVitto, Ben Easter,Lois Duncan (based on characters created by), Michael D. Weiss,,,,,,,,,
Rocky IV,Episode 334,Sylvester Stallone,6.8,PG,91 min,27-Nov-85,Drama, Sport,,,,,Sylvester Stallone, Talia Shire, Burt Young, Carl Weathers,Sylvester Stallone,,,,,,,,,,
The Devil's Advocate,Episode 335,Taylor Hackford,7.5,R,144 min,17-Oct-97,Drama, Mystery, Thriller,,,,Keanu Reeves, Al Pacino, Charlize Theron, Jeffrey Jones,Andrew Neiderman (novel), Jonathan Lemkin (screenplay), Tony Gilroy (screenplay),,,,,,,,
Weekend at Bernie's,Episode 336,Ted Kotcheff,6.4,PG-13,97 min,5-Jul-89,Adventure, Comedy, Crime,,,,Andrew McCarthy, Jonathan Silverman, Catherine Mary Stewart, Terry Kiser,Robert Klane,,,,,,,,,,
No Holds Barred,Episode 337,Thomas J. Wright,4.3,PG-13,93 min,2-Jun-89,Action, Sport,,,,,Hulk Hogan, Joan Severance, Kurt Fuller, Tommy 'Tiny' Lister,Dennis Hackin,,,,,,,,,,
Fantastic Four,Episode 338,Tim Story,5.7,PG-13,106 min,8-Jul-05,Action, Adventure, Fantasy, Sci-Fi,,,Ioan Gruffudd, Jessica Alba, Chris Evans, Michael Chiklis,Mark Frost, Michael France, Stan Lee (Marvel comic book), Jack Kirby (Marvel comic book),,,,,,,
Fatal Beauty,Episode 339,Tom Holland,5.4,R,104 min,30-Oct-87,Action, Comedy, Crime,,,,Whoopi Goldberg, Sam Elliott, Rubén Blades, Harris Yulin,Bill Svanoe (story), Hilary Henkin (screenplay), Dean Riesner (screenplay),,,,,,,,
Thinner,Episode 340,Tom Holland,5.7,R,93 min,25-Oct-96,Fantasy, Horror,,,,,Robert John Burke, Lucinda Jenney, Bethany Joy Lenz, Time Winters,Stephen King (novel), Michael McDowell (screenplay), Tom Holland (screenplay),,,,,,,,
The Boss Baby,Episode 341,Tom McGrath,6.3,PG,97 min,31-Mar-17,Animation, Adventure, Comedy, Family, Fantasy,,Alec Baldwin, Steve Buscemi, Jimmy Kimmel, Lisa Kudrow,Michael McCullers, Marla Frazee (based on the book by),,,,, Dean Devlin (story by), Roland Emmerich (story by),,,
Date with an Angel,Episode 342,Tom McLoughlin,5.8,PG,105 min,20-Nov-87,Comedy, Fantasy, Romance,,,,Michael E. Knight, Phoebe Cates, Emmanuelle Béart, David Dukes,Tom McLoughlin,,,,,,,,, Dean Devlin (based on characters created by), Roland Emmerich (based on characters created by)
Cyber Seduction: His Secret Life,Episode 343,Tom McLoughlin,3.7,TV-14,87 min,20-Jun-05,Drama,,,,,,Jeremy Sumpter, Lyndsy Fonseca, John Robinson, Jake Scott,Wesley Bishop (teleplay), Richard Kletter (teleplay), Wesley Bishop (story),,,, Chuck Martin (additional screenplay material), Tom Papa (additional screenplay material),,,
Look Who's Talking Now,Episode 344,Tom Ropelewski,4.3,PG-13,96 min,5-Nov-93,Comedy, Family, Romance,,,,John Travolta, Kirstie Alley, David Gallagher, Tabitha Lupien,Tom Ropelewski, Leslie Dixon, Amy Heckerling (characters),,,,,,,,
Halloween III: Season of the Witch,Episode 345,Tommy Lee Wallace,4.8,R,98 min,22-Oct-82,Horror, Mystery, Sci-Fi,,,,Tom Atkins, Stacey Nelkin, Dan O'Herlihy, Michael Currie,Tommy Lee Wallace,,,,,,,,,,
The Emoji Movie,Episode 346,Tony Leondis,3.2,PG,86 min,28-Jul-17,Animation, Adventure, Comedy, Family,,,T.J. Miller, James Corden, Anna Faris, Maya Rudolph,Tony Leondis (screenplay by), Eric Siegel (screenplay by), Mike White (screenplay by), Tony Leondis (story by), Eric Siegel (story by),,,,,,
The Fan,Episode 347,Tony Scott,5.8,R,116 min,16-Aug-96,Action, Drama, Sport,,,,Robert De Niro, Wesley Snipes, Ellen Barkin, John Leguizamo,Peter Abrahams (book), Phoef Sutton (screenplay),,,,,,,,,
Larry the Cable Guy: Health Inspector,Episode 348,Trent Cooper,3.2,PG-13,89 min,24-Mar-06,Comedy, Romance,,,,,Larry the Cable Guy, David Koechner, Michael Papajohn, Phyllis Alexion,Jonathan Bernstein, James Greer,,,,,,,,,
The Boondock Saints II: All Saints Day,Episode 349,Troy Duffy,6.3,R,118 min,11-Dec-09,Action, Crime, Thriller,,,,Sean Patrick Flanery, Norman Reedus, Billy Connolly, Clifton Collins Jr.,Troy Duffy (screenplay), Troy Duffy (story), Taylor Duffy (story),,,,,,,,
Jack Frost,Episode 350,Troy Miller,5.3,PG,101 min,11-Dec-98,Comedy, Drama, Family, Fantasy,,,Michael Keaton, Kelly Preston, Joseph Cross, Mark Addy,Mark Steven Johnson (story), Mark Steven Johnson (screenplay), Steve Bloom (screenplay), Jonathan Roberts (screenplay), Jeff Cesario (screenplay),,,,,,
Tarzan the Ape Man,Episode 351,W.S. Van Dyke,7.2,PASSED,100 min,2-Apr-32,Action, Adventure, Romance,,,,Johnny Weissmuller, Neil Hamilton, C. Aubrey Smith, Maureen O'Sullivan,Edgar Rice Burroughs (based upon the characters created by), Cyril Hume (adaptation), Ivor Novello (dialogue),,,,,,,,
Transcendence,Episode 352,Wally Pfister,6.3,PG-13,119 min,18-Apr-14,Drama, Mystery, Romance, Sci-Fi, Thriller,,Johnny Depp, Rebecca Hall, Paul Bettany, Cillian Murphy,Jack Paglen,,,,,,,, Stan Lee (Marvel comic book),,
Wild Hogs,Episode 353,Walt Becker,5.9,PG-13,100 min,2-Mar-07,Adventure, Comedy,,,,,Tim Allen, John Travolta, Martin Lawrence, William H. Macy,Brad Copeland,,,,,,,,,,
Another 48 Hrs.,Episode 354,Walter Hill,5.8,R,93 min,8-Jun-90,Action, Comedy, Crime, Drama, Mystery, Thriller,Eddie Murphy, Nick Nolte, Brion James, Kevin Tighe,Roger Spottiswoode (characters), Walter Hill (characters), Larry Gross (characters), Steven E. de Souza (characters), Eddie Murphy (story),,,,,,
Red Heat,Episode 355,Walter Hill,6.1,R,104 min,17-Jun-88,Action, Comedy, Crime, Thriller,,,Arnold Schwarzenegger, Jim Belushi, Peter Boyle, Ed O'Ross,Walter Hill (story), Harry Kleiner (screenplay), Walter Hill (screenplay), Troy Kennedy-Martin (screenplay),,, Dan O'Bannon (screen story), Ronald Shusett (screen story),,,
Vampire in Brooklyn,Episode 356,Wes Craven,4.5,R,100 min,27-Oct-95,Comedy, Fantasy, Horror, Romance,,,Eddie Murphy, Angela Bassett, Allen Payne, Kadeem Hardison,Eddie Murphy (story), Vernon Lynch (story), Charlie Murphy (story), Charlie Murphy (screenplay), Michael Lucker (screenplay),,,,,,
Deadly Friend,Episode 357,Wes Craven,5.5,R,91 min,10-Oct-86,Drama, Horror, Sci-Fi, Thriller,,,Matthew Labyorteaux, Kristy Swanson, Michael Sharrett, Anne Twomey,Diana Henstell (novel), Bruce Joel Rubin (screenplay),,,,,,,,,
New Nightmare,Episode 358,Wes Craven,6.5,R,112 min,14-Oct-94,Fantasy, Horror, Mystery, Thriller,,,Jeff Davis, Heather Langenkamp, Miko Hughes, Matt Winston,Wes Craven (characters), Wes Craven,,,,,,,,,
Scream 3,Episode 359,Wes Craven,5.6,R,116 min,4-Feb-00,Horror, Mystery,,,,,Liev Schreiber, Beth Toussaint, Roger Jackson, Kelly Rutherford,Kevin Williamson (characters), Ehren Kruger,,,,,,,,,
Scream 2,Episode 360,Wes Craven,6.1,R,120 min,12-Dec-97,Horror, Mystery,,,,,Jada Pinkett Smith, Omar Epps, Paulette Patterson, Rasila Schroeder,Kevin Williamson (characters), Kevin Williamson,,,,,,,,,
Howard the Duck,Episode 361,Willard Huyck,4.6,PG,110 min,1-Aug-86,Action, Adventure, Comedy, Romance, Sci-Fi,,Lea Thompson, Jeffrey Jones, Tim Robbins, Ed Gale,Steve Gerber (Marvel comics character: Howard the Duck), Willard Huyck, Gloria Katz,,,,,,,,
Madhouse,Episode 362,William Butler,5.6,R,91 min,30-Jul-04,Horror, Thriller,,,,,Joshua Leonard, Jordan Ladd, Natasha Lyonne, Lance Henriksen,William Butler (story and screenplay), Aaron Strongoni (story),,,,, Matt Holloway (story by), Ken Nolan (story by),,,
If Looks Could Kill,Episode 363,William Dear,5.7,PG-13,88 min,15-Mar-91,Action, Comedy,,,,,Richard Grieco, Roger Rees, Linda Hunt, Robin Bartlett,Fred Dekker (story), Darren Star (screenplay),,,,,,,,,
Maniac Cop 3: Badge of Silence,Episode 364,William Lustig,4.9,R,85 min,7-Jul-93,Action, Horror,,,,,Robert Davi, Robert Z'Dar, Caitlin Dulany, Gretchen Becker,Larry Cohen (characters), Larry Cohen,,,,, Stan Lee (Marvel comic book), Steve Ditko (Marvel comic book),,,
Star Trek V: The Final Frontier,Episode 365,William Shatner,5.4,PG,107 min,9-Jun-89,Action, Adventure, Fantasy, Sci-Fi, Thriller,,William Shatner, Leonard Nimoy, DeForest Kelley, James Doohan,Gene Roddenberry (creator: based on &quot;Star Trek&quot;), William Shatner (story), Harve Bennett (story), David Loughery (story), David Loughery (screenplay),,,,,,
Air Force One,Episode 366,Wolfgang Petersen,6.5,R,124 min,25-Jul-97,Action, Drama, Thriller,,,,Harrison Ford, Gary Oldman, Glenn Close, Wendy Crewson,Andrew W. Marlowe,,,,,,,,,,
Going in Style,Episode 367,Zach Braff,6.6,PG-13,96 min,7-Apr-17,Comedy, Crime,,,,,Michael Caine, Alan Arkin, Ann-Margret, Matt Dillon,Theodore Melfi (screenplay by), Edward Cannon (based on the story by),,,,,,,,,
Batman v Superman: Dawn of Justice,Episode 368,Zack Snyder,6.5,PG-13,151 min,25-Mar-16,Action, Adventure, Fantasy, Sci-Fi,,,Ben Affleck, Henry Cavill, Amy Adams, Jesse Eisenberg,Chris Terrio, David S. Goyer, Bob Kane (Batman created by), Bill Finger (Batman created by), Jerry Siegel (Superman created by),,,,,,
Man of Steel,Episode 369,Zack Snyder,7.1,PG-13,143 min,14-Jun-13,Action, Adventure, Fantasy, Sci-Fi,,,Henry Cavill, Amy Adams, Michael Shannon, Diane Lane,David S. Goyer (screenplay), David S. Goyer (story), Christopher Nolan (story), Jerry Siegel (Superman created by), Joe Shuster (Superman created by),,,,,,
300,Episode 370,Zack Snyder,7.7,R,117 min,9-Mar-07,Action, Fantasy,,,,,Gerard Butler, Lena Headey, Dominic West, David Wenham,Zack Snyder (screenplay), Kurt Johnstad (screenplay), Michael B. Gordon (screenplay), Frank Miller (graphic novel), Lynn Varley (graphic novel),,,,,,
No Retreat,Episode 371,5.7,PG,85 min,2-May-86,Action, Comedy, Crime, Drama,,,Kurt McKinney, Jean-Claude Van Damme, J.W. Fails, Kathie Sileno,See-Yuen Ng (original story), Corey Yuen (original story), Keith W. Strandberg (screenplay),,,,,,,,,
Ewoks: The Battle for Endor,Episode 372,5.5,N/A,94 min,24-Nov-85,Adventure, Family, Fantasy, Sci-Fi,,,Wilford Brimley, Warwick Davis, Aubree Miller, Siân Phillips,Ken Wheat (screenplay), Jim Wheat (screenplay), George Lucas (story),,,,,,,,,
,Episode 373,,,,,,,,,,,,,,,,,,,,,,,,,,
,Episode 374,,,,,,,,,,,,,,,,,,,,,,,,,,
,Episode 375,,,,,,,,,,,,,,,,,,,,,,,,,,
,Episode 376,,,,,,,,,,,,,,,,,,,,,,,,,,
,Episode 377,,,,,,,,,,,,,,,,,,,,,,,,,,
,Episode 378,,,,,,,,,,,,,,,,,,,,,,,,,,
,Episode 379,,,,,,,,,,,,,,,,,,,,,,,,,,
,Episode 380,,,,,,,,,,,,,,,,,,,,,,,,,,
,Episode 381,,,,,,,,,,,,,,,,,,,,,,,,,,
,Episode 382,,,,,,,,,,,,,,,,,,,,,,,,,,
,Episode 383,,,,,,,,,,,,,,,,,,,,,,,,,,
,Episode 384,,,,,,,,,,,,,,,,,,,,,,,,,,
,Episode 385,,,,,,,,,,,,,,,,,,,,,,,,,,
,Episode 386,,,,,,,,,,,,,,,,,,,,,,,,,,
,Episode 387,,,,,,,,,,,,,,,,,,,,,,,,,,
,Episode 388,,,,,,,,,,,,,,,,,,,,,,,,,,
,Episode 389,,,,,,,,,,,,,,,,,,,,,,,,,,
,Episode 390,,,,,,,,,,,,,,,,,,,,,,,,,,
,Episode 391,,,,,,,,,,,,,,,,,,,,,,,,,,
,Episode 392,,,,,,,,,,,,,,,,,,,,,,,,,,
,Episode 393,,,,,,,,,,,,,,,,,,,,,,,,,,
,Episode 394,,,,,,,,,,,,,,,,,,,,,,,,,,
,Episode 395,,,,,,,,,,,,,,,,,,,,,,,,,,
